wallet_address,chain,pnl_30d,realized_pnl_30d,unrealized_pnl_30d,win_rate,trade_count_30d,avg_trade_size_usd,tags,source
J5mjFwDBACftUYgFPCCa9bwjVs88MZU1U7MX7qFrZpDS,solana,1119117.64,1119117.64,0,0.8333,520,12038.07,provider_claimed|operator_pending_review|solana_tracker|birdeye|cross_source_confirmed,multi_source
qAkJ2SuveYDsN2ZaEPU5gWhF8gWZvsA2Pfizn3B9ZQ5,solana,1076872.11,1076872.11,0,0.9802,2041,1279.35,provider_claimed|operator_pending_review|solana_tracker|birdeye|cross_source_confirmed,multi_source
4PaPYsHHhaiahVWTFRbD8BRFxUugXhdwjdp4TPkFR5r1,solana,915394.74,915394.74,0,0.9972,1977,1372.81,provider_claimed|operator_pending_review|solana_tracker|birdeye|cross_source_confirmed|winrate_provider_artifact,multi_source
8HS71C4LnwXxip3fSds26uZnzeQywUWpAiKH13Ky2Xn3,solana,737142.47,737142.47,0,0.9716,1155,1586.64,provider_claimed|operator_pending_review|solana_tracker|birdeye|cross_source_confirmed,multi_source
9H9HU7RsFnovQ9jPXo4Er9EPCdNQaHEtey8f6CpAC4AZ,solana,723730.59,723730.59,0,0.6667,52,28602.68,provider_claimed|operator_pending_review|solana_tracker|birdeye|cross_source_confirmed,multi_source
6VXhgjzjwkijkPfq7gTrFrwbgZ3BTMw7ytay4nw4k1jK,solana,712461.33,712461.33,0,0.5095,4911,376.93,provider_claimed|operator_pending_review|solana_tracker|birdeye|cross_source_confirmed,multi_source
GMzKSvuMorte3udGBtwzPRKbBgsezv69YJA2XmHXofu6,solana,709269.4,709269.4,0,1,686,4216.73,provider_claimed|operator_pending_review|solana_tracker|birdeye|cross_source_confirmed|winrate_provider_artifact,multi_source
3cJ3hZcKFoFRHarqHJqDoPbF7kusMtcwbTtfMGB4GURd,solana,702961.87,702961.87,0,1,1841,555.33,provider_claimed|operator_pending_review|solana_tracker|birdeye|cross_source_confirmed|winrate_provider_artifact,multi_source
CU2aap7uEx7ED2ptbRYAwLyn8jeYyW5JHYjVtFqFvEDi,solana,683621.74,683621.74,0,1,886,4260.97,provider_claimed|operator_pending_review|solana_tracker|birdeye|cross_source_confirmed|winrate_provider_artifact,multi_source
A5ptjqiLeV2jTYoSk7W6owY3tjSt7z78ZvbP5Ldd4hkp,solana,656868.9,656868.9,0,0.9903,1396,903.97,provider_claimed|operator_pending_review|solana_tracker|birdeye|cross_source_confirmed|winrate_provider_artifact,multi_source
GeBJSHK4WsGrz2HRvTbqvWGx4JRMpHfJG2ikzrYBDuwR,solana,644254.36,644254.36,0,0.9128,2465,575.07,provider_claimed|operator_pending_review|solana_tracker|birdeye|cross_source_confirmed,multi_source
3inTyfqCpLwa4U812GmB3FPcGz6iFWxHbaNpw5dPrTg2,solana,642999.21,642999.21,0,0.5263,838,2328.26,provider_claimed|operator_pending_review|solana_tracker|birdeye|cross_source_confirmed,multi_source
4ttdRTNqKoVRsfhG1PnrW87Z65SKus76corcrgJkxv2X,solana,601772.14,601772.14,0,0.75,444,3990.51,provider_claimed|operator_pending_review|solana_tracker|birdeye|cross_source_confirmed,multi_source
7Frq1DiCU7ypzPEGnZLgB8M2G9er7k5wDZnf8VUohBd1,solana,590500.37,590500.37,0,0.9779,3174,429.63,provider_claimed|operator_pending_review|solana_tracker|birdeye|cross_source_confirmed,multi_source
B9e6iEAgsHg9yaP6UwA33PaqEfdc3SYn85SmSPmQ6csN,solana,574296.98,574296.98,0,1,448,4042.06,provider_claimed|operator_pending_review|solana_tracker|birdeye|cross_source_confirmed|winrate_provider_artifact,multi_source
4gqYK5wRhbJvFVXTNTYUPxxi4CVybCHzCq6eqa48kfHe,solana,526074.72,526074.72,0,0.9091,1306,719.54,provider_claimed|operator_pending_review|solana_tracker|birdeye|cross_source_confirmed,multi_source
kCmZEAomWGZU1DH8Y255sHa1xDptpck17jde9dycjS9,solana,487941.65,487941.65,0,1,574,2233.63,provider_claimed|operator_pending_review|solana_tracker|birdeye|cross_source_confirmed|winrate_provider_artifact,multi_source
Hk3YBp51HV2x4NUAokF7voNPxnjDgUvPEa4HfEPj2uDY,solana,484174.39,484174.39,0,0.9778,1337,760.64,provider_claimed|operator_pending_review|solana_tracker|birdeye|cross_source_confirmed,multi_source
53mXoBuWXv9NahogwpK3psArrPRPRkgiciYMjGRfgSfX,solana,416391.34,416391.34,0,0.8333,2145,321.19,provider_claimed|operator_pending_review|solana_tracker|birdeye|cross_source_confirmed,multi_source
4mwKkhUDXRRUgz8DpduhzULgJSWARATACmRTXRZJwydV,solana,415590.33,415590.33,0,1,703,869.42,provider_claimed|operator_pending_review|solana_tracker|birdeye|cross_source_confirmed|winrate_provider_artifact,multi_source
5kbuhpuCSxEMMULPtwWdefm2NExGFXLbgWpirUuz1kUG,solana,397380.71,397380.71,0,1,345,3088.39,provider_claimed|operator_pending_review|solana_tracker|birdeye|cross_source_confirmed|winrate_provider_artifact,multi_source
HU3SkjiHpeNMvRgiYEbfFTWXHwq5CMKn1HCgu4MkkGhE,solana,393583.04,393583.04,0,0.9714,1420,1672.61,provider_claimed|operator_pending_review|solana_tracker|birdeye|cross_source_confirmed,multi_source
9krn16wHQNwXGmQGjn46kfoQMrzxiuBKjVwkaYkEnymA,solana,391279.03,391279.03,0,0.5,369,3989.13,provider_claimed|operator_pending_review|solana_tracker|birdeye|cross_source_confirmed,multi_source
DFfkvpLgid6Vaa4TyR6t9WWWsc2qCSod9iPGZSqcmYjm,solana,381556.18,381556.18,0,1,1347,422.1,provider_claimed|operator_pending_review|solana_tracker|birdeye|cross_source_confirmed|winrate_provider_artifact,multi_source
9ZoW1XouvQdyftApC7jE7hXXsMnJ4h9nptBVcULEf7dQ,solana,377889.25,377889.25,0,0.5455,337,4131.4,provider_claimed|operator_pending_review|solana_tracker|birdeye|cross_source_confirmed,multi_source
jVZgPb1pjW82XFcXMztzM2JVoC8kB2AR2sQ5cE7EpJG,solana,367089.54,367089.54,0,0.6818,950,1930.58,provider_claimed|operator_pending_review|solana_tracker|birdeye|cross_source_confirmed,multi_source
9hPhQWvCnRR8ghP4ozxC21r8sq3VNtXzBPZiaXZ19DS6,solana,363746.54,363746.54,0,0.9231,1351,721.42,provider_claimed|operator_pending_review|solana_tracker|birdeye|cross_source_confirmed,multi_source
Cqku64qzS5h8i2BroQh2yTyhdUTLYPvMFzo12apLsUpw,solana,361748.27,361748.27,0,0.6667,26,15964.21,provider_claimed|operator_pending_review|solana_tracker|birdeye|cross_source_confirmed,multi_source
3FT2hLDi9A9XJhMJkkMWknJarENdDbfDKxYfnFg3zvAL,solana,352708.99,352708.99,0,1,86,5293.56,provider_claimed|operator_pending_review|solana_tracker|birdeye|cross_source_confirmed|winrate_provider_artifact,multi_source
8s2MNRtz4d8ytu4wu8UnFi8ePWTKUWXB61inL59Trmez,solana,349066.75,349066.75,0,0.5,90,21932,provider_claimed|operator_pending_review|solana_tracker|birdeye|cross_source_confirmed,multi_source
6HcrxubcevZQs1fcPTVnywzw7N2XWqsyAPxqnmg78UMg,solana,325416.83,325416.83,0,0.2424,486,960.14,provider_claimed|operator_pending_review|solana_tracker|birdeye|cross_source_confirmed,multi_source
Ap52DXu4E5aYpDSpUwdct9VYXUqHk2foCh5x2YX6b8HN,solana,320971.06,320971.06,0,1,342,2106.48,provider_claimed|operator_pending_review|solana_tracker|birdeye|cross_source_confirmed|winrate_provider_artifact,multi_source
34TEBqSGKvYhguEChp6hx2JXSiL6g2FNQZmgehY26yax,solana,320059.11,320059.11,0,0.875,2201,286,provider_claimed|operator_pending_review|solana_tracker|birdeye|cross_source_confirmed,multi_source
6ZFxtZE36qG1QvXFw7uVtioesFdEeuBBEbXmUCLkesLE,solana,314068,314068,0,1,1331,387.07,provider_claimed|operator_pending_review|solana_tracker|birdeye|cross_source_confirmed|winrate_provider_artifact,multi_source
24UyQWREqGW6ksAZ71678Z3RBseHf68WGbSgr6NWHRDd,solana,312738.52,312738.52,0,1,310,10964.35,provider_claimed|operator_pending_review|solana_tracker|birdeye|cross_source_confirmed|winrate_provider_artifact,multi_source
3h7mhCwBB4uxxpyrkwYSme8LLzR779uyVN7JLCxX3stu,solana,292210.82,292210.82,0,0.8333,349,2377.51,provider_claimed|operator_pending_review|solana_tracker|birdeye|cross_source_confirmed,multi_source
BKhbJmBTGvvg95m5er8yW3fFiX2CyMD8CgSWRTjsLvcT,solana,289094.82,289094.82,0,1,586,956.73,provider_claimed|operator_pending_review|solana_tracker|birdeye|cross_source_confirmed|winrate_provider_artifact,multi_source
6PeU2nLzwWv9V5BKqJBsoq88tAfULjQq9VcUYWK2KW5w,solana,284393.34,284393.34,0,0.8,27,14529.67,provider_claimed|operator_pending_review|solana_tracker|birdeye|cross_source_confirmed,multi_source
B3trqa1dBFTjxTD8D1unVyAFWV4yiwqS28xNdGiLpveM,solana,282887.8,282887.8,0,1,488,1316.63,provider_claimed|operator_pending_review|solana_tracker|birdeye|cross_source_confirmed|winrate_provider_artifact,multi_source
6e2MfmwrDPJf4922S3pm6xYaEmz1BfXHg4hZNYmmJNPj,solana,270870.47,270870.47,0,0.7778,926,4535.66,provider_claimed|operator_pending_review|solana_tracker|birdeye|cross_source_confirmed,multi_source
LCTTbBmPPXM3KeUdLYmySfYZaBs7bFKG8GmQ9CZNiqX,solana,261726.49,261726.49,0,0.8333,424,3736.33,provider_claimed|operator_pending_review|solana_tracker|birdeye|cross_source_confirmed,multi_source
4R1yUeNv8derGkHbbtVKa2wjoojaQyBkhePoFieV8mcX,solana,245002.72,245002.72,0,1,850,628.53,provider_claimed|operator_pending_review|solana_tracker|birdeye|cross_source_confirmed|winrate_provider_artifact,multi_source
FiwwHe2obYsFoxprUXRWdAgHxMfKwK7ca9YB3g8bmX13,solana,221080.98,221080.98,0,0.8779,6411,132.31,provider_claimed|operator_pending_review|solana_tracker|birdeye|cross_source_confirmed,multi_source
HuprK8bQotzXGu5WBuvygNSg17DSwPm3Kpjmfd3quBfA,solana,218839.18,218839.18,0,1,1285,331,provider_claimed|operator_pending_review|solana_tracker|birdeye|cross_source_confirmed|winrate_provider_artifact,multi_source
GK9LMoqxXsNmqwvBPDWXyCWywvELsRuusKsQVSUjnxzZ,solana,216756.41,216756.41,0,1,1632,264.54,provider_claimed|operator_pending_review|solana_tracker|birdeye|cross_source_confirmed|winrate_provider_artifact,multi_source
8RK9AoNBghySH1QqUaGuxrmoj4u1Xgxqzpc4NbuGFQna,solana,213338.16,213338.16,0,1,1250,244.64,provider_claimed|operator_pending_review|solana_tracker|birdeye|cross_source_confirmed|winrate_provider_artifact,multi_source
Cus4e2SnWD3SMYND7FHpZph4CjCs6duhfKsUDBBVAk6j,solana,210702.85,210702.85,0,1,413,965.31,provider_claimed|operator_pending_review|solana_tracker|birdeye|cross_source_confirmed|winrate_provider_artifact,multi_source
22vL22PcYcoAVCwYN8iDW9VrFEYq93TCtr7a6avNVyjL,solana,297737.59,297737.59,0,0.7549,16888,52.58,provider_claimed|operator_pending_review|solana_tracker|birdeye|cross_source_confirmed,multi_source
yHCxHBEaJW5tbndqC8JciSThr7U1cqLpdcsvHcx6PRe,solana,1659760.32,1659760.32,0,0.9202,5994,503.88,provider_claimed|operator_pending_review|solana_tracker,solana_tracker_pnl
B8NQuwPrUFWRQcWJA5oJkqJPEDjPEtCBnJvfmLxvyoUg,solana,1322329.41,1322329.41,0,0.8571,466,5881.5,provider_claimed|operator_pending_review|solana_tracker,solana_tracker_pnl
shakRDxyKwaBbduqZTZt8Q4etTALbDLnAANStv9TLH3,solana,1067826.75,1067826.75,0,0.9231,9491,577.79,provider_claimed|operator_pending_review|solana_tracker,solana_tracker_pnl
4FKvKXaY3RydPPCHwhBDRg38MJBrSLcTpLNh4kN7exHy,solana,904497.57,904497.57,0,0.8108,6029,230.37,provider_claimed|operator_pending_review|solana_tracker,solana_tracker_pnl
8e9bkF9q2cZqRpLqGNgimr19mhHarW7p1yvSreTC6qg6,solana,856634.09,856634.09,0,0.8784,374,5302.82,provider_claimed|operator_pending_review|solana_tracker,solana_tracker_pnl
E7JLPVWtihLjTQ8v9wt7QMZyUbVYcH8NcyU91E841SE3,solana,752965.73,752965.73,0,0.75,660,4120.73,provider_claimed|operator_pending_review|solana_tracker,solana_tracker_pnl
2acLWuG8Ly332JmxaPuNdb3p8RwiUdsaWTJe1yGS4sBE,solana,598324.55,598324.55,0,0.8017,5173,185.89,provider_claimed|operator_pending_review|solana_tracker,solana_tracker_pnl
9L8gedW6GyFyJhmTcq2Er3dgr338HczuAaUYFUwCwXmw,solana,581014.47,581014.47,0,0.8571,170,8058.22,provider_claimed|operator_pending_review|solana_tracker,solana_tracker_pnl
2jYBNoMbKPqwgNfmAzSAQpw5Sb81juzX9RP5SSbef592,solana,546817.42,546817.42,0,0.75,421,4005.48,provider_claimed|operator_pending_review|solana_tracker,solana_tracker_pnl
BaWRiN6jxRXbkuxXvNcc7pQny57smvRXTPbHetCWtD1g,solana,512355,512355,0,0.75,1393,4344.26,provider_claimed|operator_pending_review|solana_tracker,solana_tracker_pnl
C1jq8fmwkLNvyxQoFEJA8GSLFUnJdjyEcsH3SCmxrnbs,solana,498367.47,498367.47,0,0.5,380,3869.11,provider_claimed|operator_pending_review|solana_tracker,solana_tracker_pnl
Hhoo4Na8gD3J5AufBFFzvEfHXkhd4bDCPmC3958TcqL6,solana,468115.98,468115.98,0,0.8571,790,5189.88,provider_claimed|operator_pending_review|solana_tracker,solana_tracker_pnl
JDqERUzifXRhgA1XJy4fQNTURVbL4qDCr5uSMMjB6raD,solana,463547.7,463547.7,0,0.5,386,3943.14,provider_claimed|operator_pending_review|solana_tracker,solana_tracker_pnl
BwW79CqZC7xVAbxgDcf9xzryDe4gHtMnQfo7s49D6n6e,solana,446884.99,446884.99,0,0.6364,1997,5358.28,provider_claimed|operator_pending_review|solana_tracker,solana_tracker_pnl
FayNyri9bdgv8J8WyLkk4PGc95KqoqQxTbbWuD7t2UQD,solana,443800.04,443800.04,0,0.5357,3840,131.33,provider_claimed|operator_pending_review|solana_tracker,solana_tracker_pnl
58DEk1tpoYGC6Uf77cfgsqHHy3jSz7ejLwczMfMswTgD,solana,427726.48,427726.48,0,0.6667,951,4288.08,provider_claimed|operator_pending_review|solana_tracker,solana_tracker_pnl
2o6RjC2uhNxfGNauJsYvXbnE1mtxbQdM6r58btYtjaq7,solana,427179.9,427179.9,0,0.8571,36,11874.65,provider_claimed|operator_pending_review|solana_tracker,solana_tracker_pnl
7Z6iuzqGtar1iCSYFGoP7rTEEA89xPRc5yBBgnp1rNVJ,solana,406556.85,406556.85,0,0.75,196,2407.83,provider_claimed|operator_pending_review|solana_tracker,solana_tracker_pnl
GhoK279HNegH1L7phDtBu9x9gVwEd22nQFwb3aZLJ4AD,solana,401061.08,401061.08,0,0.3555,2808,3621.32,provider_claimed|operator_pending_review|solana_tracker,solana_tracker_pnl
FFqhWGJCUiWta7Ek9me2wgMnm9FCDUhPpkP6CexME9VG,solana,398313.57,398313.57,0,0.5263,8423,613.63,provider_claimed|operator_pending_review|solana_tracker,solana_tracker_pnl
CqqfkYMLigbFVXDg2gCtcMJULheQqo8xBu5EN5VfVsKa,solana,393633.43,393633.43,0,0.6667,418,4023.85,provider_claimed|operator_pending_review|solana_tracker,solana_tracker_pnl
GmCqxJx2QPxKfhyiLyk5CdV3rQtwuXKnCoTq5RoFBCoD,solana,377363.13,377363.13,0,0.5769,2434,693.73,provider_claimed|operator_pending_review|solana_tracker,solana_tracker_pnl
6Tq96nR5pjiYzyKeX5MGNQNi8JxjegJfYtefheZTUsR3,solana,368553.18,368553.18,0,0.5,467,4016.95,provider_claimed|operator_pending_review|solana_tracker,solana_tracker_pnl
AogAZz5VHMCCFfc2oXZ2n6y3Cm9mBQ77M9J9UazfNd4e,solana,351843.22,351843.22,0,0.6667,683,4188.81,provider_claimed|operator_pending_review|solana_tracker,solana_tracker_pnl
Fgkiu6JRrQ8eqVYmZBc8X2uSEbdcSjPcgZ1h2WzNzySq,solana,315935.45,315935.45,0,0.875,827,4383.34,provider_claimed|operator_pending_review|solana_tracker,solana_tracker_pnl
HEga5GZa7AG6tzCT11PVkYj7umuZggqKhJhPv8QKsCvx,solana,309323.41,309323.41,0,0.7692,1086,4562.64,provider_claimed|operator_pending_review|solana_tracker,solana_tracker_pnl
2CLtigALriZ1sUg3TC86jDsYnHpJYnwtFYGGmJTPuz57,solana,306335.64,306335.64,0,0.8182,1900,4792.12,provider_claimed|operator_pending_review|solana_tracker,solana_tracker_pnl
5949hDDDHaxoXemTJmVHArL6avYXUxKY8Ad7Tz43GnCg,solana,305754.49,305754.49,0,0.9404,9956,148.94,provider_claimed|operator_pending_review|solana_tracker,solana_tracker_pnl
9PX1Zki6r3VUzxKmkepb7AWi6m25Thad1i7sdrFi8MbS,solana,302416.68,302416.68,0,0.8889,1025,4648.81,provider_claimed|operator_pending_review|solana_tracker,solana_tracker_pnl
9Y1eosS4uFX7Q9NZc2zgnM1229EatRwVFUdv7Q5GMQW5,solana,292891.24,292891.24,0,0.9167,3461,88.17,provider_claimed|operator_pending_review|solana_tracker,solana_tracker_pnl
AJy5JMn39J8dQc71bfDA3ckmgPt5AG7W2BAPg8XzDAiW,solana,275532.52,275532.52,0,0.8889,3265,830.18,provider_claimed|operator_pending_review|solana_tracker,solana_tracker_pnl
9NJ8Gk8FASuRjwDzhYxJFn3HvyM9wHoTAbExJspzVaf4,solana,263440.77,263440.77,0,0.875,607,4184.56,provider_claimed|operator_pending_review|solana_tracker,solana_tracker_pnl
3Ta3kQA524cP9FKE4fNFeRtsbVGkkayR5ACvhhJAkBGW,solana,257019.61,257019.61,0,0.7273,1075,4534.91,provider_claimed|operator_pending_review|solana_tracker,solana_tracker_pnl
4enAHfMx4mHXxcnLFQPyo1HMjP12qs7rqCwYsj6dh3r6,solana,248973.56,248973.56,0,0.8182,906,4437.11,provider_claimed|operator_pending_review|solana_tracker,solana_tracker_pnl
sQdVqVdR9Yk5BprvSaHTxKsLFSofJ6Y1fSPNFT9KJxu,solana,245933.79,245933.79,0,0.6,72,13971.55,provider_claimed|operator_pending_review|solana_tracker,solana_tracker_pnl
78thMY8yfYzXGRhSArPMr7j8Rsh5QEPZviHVPfEfoMDM,solana,244913.34,244913.34,0,0.5714,300,9223.95,provider_claimed|operator_pending_review|solana_tracker,solana_tracker_pnl
GvbttFjLD6yprE6n94PnKWycg2mGvkoQybvhsAu7Gm6B,solana,233061.49,233061.49,0,0.7143,2902,129.26,provider_claimed|operator_pending_review|solana_tracker,solana_tracker_pnl
7ZV54HcwtzRhZSEPskT8ox5hn9yNocK9xpe4BQXoziaP,solana,226713.81,226713.81,0,0.4815,9055,199.96,provider_claimed|operator_pending_review|solana_tracker,solana_tracker_pnl
GA1G2wmJcRzPipLMdjMgEcyRDgPRuBSaNNQWr77T9j4e,solana,224106.64,224106.64,0,0.5833,149,2848.64,provider_claimed|operator_pending_review|solana_tracker,solana_tracker_pnl
5C5coAwheUsKAmTGNqKQtHd7F8xvkWxRkqbG8EYob9Dy,solana,220272.73,220272.73,0,0.9,680,4279.45,provider_claimed|operator_pending_review|solana_tracker,solana_tracker_pnl
2J8LRBKNiLk1Etuf7AuJWmVB8s5TQgE6jaDPvUDRqGTF,solana,214513.29,214513.29,0,0.9868,633,447.6,provider_claimed|operator_pending_review|solana_tracker,solana_tracker_pnl
GrDghnFDcbVHNrPrzspgB4FJb3PneLgyhfBnNGSCAzeH,solana,523419.15,523419.15,0,0.3138,56026,5660.24,provider_claimed|operator_pending_review|solana_tracker,solana_tracker_pnl
3FU6iH9frpjjVut1xA4vE7yVzD2Uczh6k1FgxQDep1qA,solana,518208.52,518208.52,0,0.8333,18351,136.04,provider_claimed|operator_pending_review|solana_tracker,solana_tracker_pnl
2gchxmAMnKTksEDvrV4F35LFPmCf7eLh9ZU8Pm1YL8Zt,solana,493716.19,493716.19,0,0.9091,14564,207.3,provider_claimed|operator_pending_review|solana_tracker,solana_tracker_pnl
4KdBA4vh6dp4Xwsc9F2PEHXCqTNcC7fqfJ53K5QZFQdV,solana,465012.69,465012.69,0,0.7857,14594,453.07,provider_claimed|operator_pending_review|solana_tracker,solana_tracker_pnl
Hq7kLdRxPJfUPo7PoUGpoW8cUiFra8e2Z8dwHsbSogtR,solana,454087.8,454087.8,0,0.8333,19211,129.02,provider_claimed|operator_pending_review|solana_tracker,solana_tracker_pnl
HnMUDsSREH4pNj5yPrKqfLfDY9sSUiN2HqJEWBCa794J,solana,433114.15,433114.15,0,0.6364,18926,130.34,provider_claimed|operator_pending_review|solana_tracker,solana_tracker_pnl
3AXvRZZLTdkJjR4c98ECCwAMauuQ8ku16vsnKf8Y4LCf,solana,419802.25,419802.25,0,0.9167,18334,135.56,provider_claimed|operator_pending_review|solana_tracker,solana_tracker_pnl
3Auq3ct2s7DvmUhvvswRZcdNornkhyy9QazyC44eMDjT,solana,419414.79,419414.79,0,0.8333,19224,128.71,provider_claimed|operator_pending_review|solana_tracker,solana_tracker_pnl
69gLgX8Dzk6dBHH6zXo7U1DakmN8MDBuwq7sw2zwaob,solana,414561.73,414561.73,0,0.6667,19241,129.62,provider_claimed|operator_pending_review|solana_tracker,solana_tracker_pnl
AejQGBP39GqBpcAFCWKSwRVP5HMNmsSGRcFseRpd8ZD5,solana,410704.55,410704.55,0,0.6667,19890,126.66,provider_claimed|operator_pending_review|solana_tracker,solana_tracker_pnl
EVe1txi3Ro3QcDbXMy57RrWBcbHPQJt5Gnn95Q34Lffq,solana,401074.54,401074.54,0,0.8333,19702,126.66,provider_claimed|operator_pending_review|solana_tracker,solana_tracker_pnl
FP2jcvMpwAtG9a7iTN1c8xqT7YZDUTEVZ75YUdQu6sVf,solana,388452.66,388452.66,0,0.8333,18700,133.88,provider_claimed|operator_pending_review|solana_tracker,solana_tracker_pnl
9D6u9xbEzSL8ETwodtrxyLDz7HL7iBettMrAbPMAeqvN,solana,372641.99,372641.99,0,0.5517,11941,10213.82,provider_claimed|operator_pending_review|solana_tracker,solana_tracker_pnl
5FqUo9aBjsp7QeeyN6Vi2ZmF2fjS4H5EU7wnAQwPy17z,solana,370619.76,370619.76,0,0.7419,46508,41.16,provider_claimed|operator_pending_review|solana_tracker,solana_tracker_pnl
AV7PjXHL5JXZ1YoYRoN9Dsstg1x2UciBupMCXcJP8gUz,solana,367862.1,367862.1,0,0.7312,41641,52.44,provider_claimed|operator_pending_review|solana_tracker,solana_tracker_pnl
2xpKBkzBoAretBBsJYmhzouZR1WZuZFuT6jwoRSFz8Ed,solana,361946.66,361946.66,0,0.6421,24666,141.97,provider_claimed|operator_pending_review|solana_tracker,solana_tracker_pnl
FUwBg3eSSbar7yUChNSoLyyZpDFPJm8p5nCvSCsz1mjj,solana,316038.27,316038.27,0,0.8029,13400,114.72,provider_claimed|operator_pending_review|solana_tracker,solana_tracker_pnl
F5XvCe4233m6mHRbkkq2ZsFvqrPAnRrDBExeQy2fwagQ,solana,305052.28,305052.28,0,0.9307,12622,92.43,provider_claimed|operator_pending_review|solana_tracker,solana_tracker_pnl
gasAx5Y917MYdmdnwiomwYDhmDKNGDJnN1MmEbxVdVw,solana,302589.85,302589.85,0,0.9828,18272,119,provider_claimed|operator_pending_review|solana_tracker,solana_tracker_pnl
8ZN71XTdVo8yRovnGLmNgW3Tgniw6A4J3JGLvPD686FP,solana,287644.73,287644.73,0,0.8157,38234,24.62,provider_claimed|operator_pending_review|solana_tracker,solana_tracker_pnl
GdRSPexhxbQz5H2zFQrNN2BAZUqEjAULBigTPvQ6oDMP,solana,267148.91,267148.91,0,0.7911,39459,30.25,provider_claimed|operator_pending_review|solana_tracker,solana_tracker_pnl
eUrS4Faom5MmRbaDK7y99yXADvUbUvxEd233T7jNMy9,solana,234624.78,234624.78,0,0.6772,16326,74.12,provider_claimed|operator_pending_review|solana_tracker,solana_tracker_pnl
AKUzf4M5ZwuyZ9jVedT6zT1UmxneR3gb2thrNmymKRfa,solana,-27.27,1436086.77,-1436114.04,0.1647,399,9482.78,provider_claimed|operator_pending_review|birdeye|birdeye_enriched_winrate,birdeye_gainers_losers
75qsE3p5y2BFSLnfS9MUMqSAwq6MW5FhTavrUPMTFkKz,solana,2760610.14,1070531.52,1690078.61,0,1497,1767.74,provider_claimed|operator_pending_review|birdeye|birdeye_enriched_winrate,birdeye_gainers_losers
BwGNeSNP8SVjkQfz3Z3wpJ65c9mxZomjnbL1r8euN1Vd,solana,2307081.33,875704.45,1431376.89,0,1112,1995.32,provider_claimed|operator_pending_review|birdeye|birdeye_enriched_winrate,birdeye_gainers_losers
BHD5YKNkbo3YWzfYTWxMSTERuSR2YPVG9VTin7oSksbB,solana,5082801.81,862421.35,4220380.46,0,1192,1904.47,provider_claimed|operator_pending_review|birdeye|birdeye_enriched_winrate,birdeye_gainers_losers
3H9LVHarjBoZ2YPEsgFbVD1zuERCGwfp4AeyHoHsFSEC,solana,753101.5,753232.58,-131.08,0.2414,600,2319.63,provider_claimed|operator_pending_review|birdeye|birdeye_enriched_winrate,birdeye_gainers_losers
2U8Y2pj1R6NLU97TJnuHfBFNqDWTBo3eNa4zy5oDjMME,solana,528488.63,746833.75,-218345.12,0,1122,1332.68,provider_claimed|operator_pending_review|birdeye|birdeye_enriched_winrate,birdeye_gainers_losers
43Ynwqa1qpRfTfaRtmxqXNNLgvZTZiCcJ9iB3R61Ja6s,solana,-1939628.97,734625.02,-2674253.98,0.9655,395,11594.29,provider_claimed|operator_pending_review|birdeye|birdeye_enriched_winrate,birdeye_gainers_losers
2jvnxMv4cnnysFTg2GGcLdpS4xcfKDQgFAvKMYVKJufm,solana,5705576.93,713172.46,4992404.46,0,1011,1852.01,provider_claimed|operator_pending_review|birdeye|birdeye_enriched_winrate,birdeye_gainers_losers
37ByujbQA6wGZ9a2L1QhFZZHTNf8WYnV9BzHnhboNEYN,solana,647273.38,652573.12,-5299.73,0.1463,451,3460.49,provider_claimed|operator_pending_review|birdeye|birdeye_enriched_winrate,birdeye_gainers_losers
3SdVtYPdnQw2b8WSE2T1VeexAqkDjbTyeSZ8Pzs6bgou,solana,620747.78,620747.78,0,0.125,113,16806.98,provider_claimed|operator_pending_review|birdeye|birdeye_enriched_winrate,birdeye_gainers_losers
3MvopLKqEEYxwjkig5z1DKmsafErzjxpULjcrqJ7agz7,solana,6035.9,600783.51,-594747.61,0,895,1826.84,provider_claimed|operator_pending_review|birdeye|birdeye_enriched_winrate,birdeye_gainers_losers
GkdYWRjFzZW3oxbRaPJ43C5385E4GtfgW3vwfK2ZAtac,solana,722809.31,583254.82,139554.5,0,214,9076.38,provider_claimed|operator_pending_review|birdeye|birdeye_enriched_winrate,birdeye_gainers_losers
HUPHeyBkcSCkHTxS9wsbVcj9UP9wZNXU998g5Csbc9AT,solana,2937314.35,570573.47,2366740.88,0,713,2025.97,provider_claimed|operator_pending_review|birdeye|birdeye_enriched_winrate,birdeye_gainers_losers
CxCTVjvgK3bWcgavMKo8PushR8ycw1atrWiSTruZrdtT,solana,2541026.04,529533,2011493.04,0.2703,682,1145.31,provider_claimed|operator_pending_review|birdeye|birdeye_enriched_winrate,birdeye_gainers_losers
HbesDLfmi38W8nrpbCCi1aaKYhweVQjc2UX4swK6AoRK,solana,-82796.57,394547.89,-477344.46,0,591,2081.5,provider_claimed|operator_pending_review|birdeye|birdeye_enriched_winrate,birdeye_gainers_losers
GrSAHibKQ9QEKLkUdRkSwQ56dd5bsk6Ce1mQ6EHT12Bn,solana,-115667.95,373375.2,-489043.15,0.6667,944,4273.69,provider_claimed|operator_pending_review|birdeye|birdeye_enriched_winrate,birdeye_gainers_losers
3J9Sq1nrVJQjFpWWAEFYrNnLwyGuWDr7Y3DwNjX4Fdxb,solana,770187.32,355056.92,415130.4,0.3,587,1880.66,provider_claimed|operator_pending_review|birdeye|birdeye_enriched_winrate,birdeye_gainers_losers
CE33inpiFQJQBeqK4mfndLk7aG8o9QqNP3BqxktpZoHD,solana,331061.01,335623.38,-4562.37,0,1730,371.9,provider_claimed|operator_pending_review|birdeye|birdeye_enriched_winrate,birdeye_gainers_losers
CfmbsuBmZiHqFCDD6Msq3MYYWM4yhsCcbH66zsJUAhiA,solana,1519204.9,329042.04,1190162.86,0.1923,752,2513.03,provider_claimed|operator_pending_review|birdeye|birdeye_enriched_winrate,birdeye_gainers_losers
C8HH76sDWvTPHeVnndSxAgj2VrMSpxEpwgc5rFUwD55Y,solana,534641.32,318210.2,216431.13,0.0909,198,3093.97,provider_claimed|operator_pending_review|birdeye|birdeye_enriched_winrate,birdeye_gainers_losers
Tcz87LRTzQLJuSozniRnuSUeLhU41w75MxqTCAFMKPb,solana,181952.87,310336.66,-128383.8,0,306,2289.79,provider_claimed|operator_pending_review|birdeye|birdeye_enriched_winrate,birdeye_gainers_losers
vsTw91AUb4N91zdACyhuz31ctkQZCfY89iTF5pvCWDr,solana,563294.61,304889.3,258405.3,0.5455,472,3868.45,provider_claimed|operator_pending_review|birdeye|birdeye_enriched_winrate,birdeye_gainers_losers
9ryBR3SnxgGPhWsKvsfxuNHUCTt6tSpLe8wrKCShXLaq,solana,301409.18,301967.32,-558.14,0.8524,3097,552.49,provider_claimed|operator_pending_review|birdeye|birdeye_enriched_winrate,birdeye_gainers_losers
Er1XNDWVmCzNH7sY1K58gFN5ffagzNjS5wQDUvnmGM1G,solana,369686.76,301146.33,68540.43,0.0303,502,1514.56,provider_claimed|operator_pending_review|birdeye|birdeye_enriched_winrate,birdeye_gainers_losers
4hSXPtxZgXFpo6Vxq9yqxNjcBoqWN3VoaPJWonUtupzD,solana,292897.24,290074.81,2822.43,0.4022,1363,505.48,provider_claimed|operator_pending_review|birdeye|birdeye_enriched_winrate,birdeye_gainers_losers
9KoXy9a9zpDc2uP8t9YmN8DQgtFk5b12Y37qwtneCwhL,solana,264781.63,262374.38,2407.25,0.1481,318,1445.24,provider_claimed|operator_pending_review|birdeye|birdeye_enriched_winrate,birdeye_gainers_losers
H8MQegokeJxeWfNiD3MNk8Bykso99s7qWGdtTKu3hmZY,solana,239241.56,244276.82,-5035.26,0.2308,421,2093.39,provider_claimed|operator_pending_review|birdeye|birdeye_enriched_winrate,birdeye_gainers_losers
9aP2vSFp2rydWR7C7kVZSQLQa2sT62w23ZHVP8BVSR5T,solana,624330.43,243283.34,381047.1,0.2222,199,1606.51,provider_claimed|operator_pending_review|birdeye|birdeye_enriched_winrate,birdeye_gainers_losers
ExXyd3Nsat3QK9nyi7k9CtXpE97BcjRuMT2f1L39FcbG,solana,251179.22,242113.13,9066.09,0,843,533.09,provider_claimed|operator_pending_review|birdeye|birdeye_enriched_winrate,birdeye_gainers_losers
DopmpJswYhmV3QbzXNYgQh9ox71NErcwNfjJUsaRPcSU,solana,225452.12,225452.12,0,0.25,124,5808.62,provider_claimed|operator_pending_review|birdeye|birdeye_enriched_winrate,birdeye_gainers_losers
HCoUkq7iHecWTVCAVPfH9fBSGbZrgrE2jbHrE1rnCpUV,solana,432674.37,218557.78,214116.59,0.1,868,5545.26,provider_claimed|operator_pending_review|birdeye|birdeye_enriched_winrate,birdeye_gainers_losers
DdhD2LyUm6hMoGoVfHv19y7cCbfxqoGTHzMsRLVm11ZL,solana,-812373.92,216992.19,-1029366.11,0,114,11467.75,provider_claimed|operator_pending_review|birdeye|birdeye_enriched_winrate,birdeye_gainers_losers
F1vJpFQrct5GYGgM8zugTrVw9VYk5z3SnxY238jiKMhF,solana,268373.35,215906.13,52467.23,0.2308,521,1555.87,provider_claimed|operator_pending_review|birdeye|birdeye_enriched_winrate,birdeye_gainers_losers
2wHHnAmdhFaAAsayWAeqKe3snK3KkbRQkRgLwTtz7iCi,solana,-73460.22,203330.29,-276790.51,0.5869,1906,440.9,provider_claimed|operator_pending_review|birdeye|birdeye_enriched_winrate,birdeye_gainers_losers
6ujZxnphRxTqveaQtLAQHFoWz16xhLWZbTijcgZN4fRp,solana,267018.93,196592.74,70426.19,0.9216,2359,368.92,provider_claimed|operator_pending_review|birdeye|birdeye_enriched_winrate,birdeye_gainers_losers
ARW9NzhpuBVYaYBZo6fW1P1U6LTNwUY6jfi7XC37Sa97,solana,506855.44,191915.1,314940.34,0.4125,2773,337.9,provider_claimed|operator_pending_review|birdeye|birdeye_enriched_winrate,birdeye_gainers_losers
JDQKDrc1TQgBRvdFh56tkta5sYcDj1SoP52Eiu64rSrT,solana,161103.66,189937.11,-28833.45,0.879,2734,255.29,provider_claimed|operator_pending_review|birdeye|birdeye_enriched_winrate,birdeye_gainers_losers
CsK2PCxJ3vydVaKu8yiQyWkMGGFwvth7rTmftU57EXSf,solana,-4106537.42,186688.55,-4293225.97,0,332,14069.74,provider_claimed|operator_pending_review|birdeye|birdeye_enriched_winrate,birdeye_gainers_losers
4LtGVKFeMMUVRDMaY84f76Q5oYD9FDFbjEDo3E5bdVCZ,solana,-157660.25,186353.03,-344013.28,0.1667,913,4960.28,provider_claimed|operator_pending_review|birdeye|birdeye_enriched_winrate,birdeye_gainers_losers
HqRzwWZdQvKwVDdQ1Xp14jswQHeu7jT2JfxC7JUEzkmj,solana,150841.57,183324.87,-32483.3,0,1357,263.94,provider_claimed|operator_pending_review|birdeye|birdeye_enriched_winrate,birdeye_gainers_losers
A6WnLUatWDjBip5No7ds42DM8fCUAasvXMDBEUk3cphr,solana,-279872.76,179540.03,-459412.79,0,325,2343.38,provider_claimed|operator_pending_review|birdeye|birdeye_enriched_winrate,birdeye_gainers_losers
4aArEDkqkPBwFiSCShd6GJ8dTFHzZboGf3GD7qwxxTu3,solana,14631230.92,178381.36,14452849.56,0,571,1301.9,provider_claimed|operator_pending_review|birdeye|birdeye_enriched_winrate,birdeye_gainers_losers
7fU4qK2Y5SSAfs1wsgmkyBFbGNSJQGmf779z5J1CTR1p,solana,-275325.29,177020.02,-452345.31,0,307,2408.16,provider_claimed|operator_pending_review|birdeye|birdeye_enriched_winrate,birdeye_gainers_losers
DX8jcWwr7v7S2mStbsx1uG1Gq7bnNnFEJ7qZsn2wNBVA,solana,-37467.34,174953.01,-212420.36,0,183,4325.22,provider_claimed|operator_pending_review|birdeye|birdeye_enriched_winrate,birdeye_gainers_losers
4q4GKBpVmXGhXYNaR4DetQjf5WjHEHhbJ9Wgybt7F8Yu,solana,404591.34,173470.16,231121.18,0.8065,1012,808.12,provider_claimed|operator_pending_review|birdeye|birdeye_enriched_winrate,birdeye_gainers_losers
9yxmCNwZcHe63NucU9yvCt7b1ja3jwP9v4T3yFMkQ1Z9,solana,-94678.98,173416.99,-268095.98,0.6776,1935,428.1,provider_claimed|operator_pending_review|birdeye|birdeye_enriched_winrate,birdeye_gainers_losers
4HXb7ivgvjbHC3TBesmmD9LovH8tmTv9DZsq12GMvEpU,solana,168223.38,173140.4,-4917.02,0.856,2114,324.33,provider_claimed|operator_pending_review|birdeye|birdeye_enriched_winrate,birdeye_gainers_losers
6qxf2KbBBYtVdbmdsmREfPQ4SxxjkfvK1AcHH42DZf8m,solana,-38894.49,170743.46,-209637.94,0.3333,236,4320.8,provider_claimed|operator_pending_review|birdeye|birdeye_enriched_winrate,birdeye_gainers_losers
GgDSWdspizmDaKtb8uUwLkchFasEuho8S1N8izUtfg49,solana,133137.8,170145.85,-37008.04,0,1916,210.88,provider_claimed|operator_pending_review|birdeye|birdeye_enriched_winrate,birdeye_gainers_losers
5j1mqoLquTjysQUzynAj4TSNSrW5TC4YqYD4eMAM15Rt,solana,154757.34,169933.87,-15176.53,0,828,481.27,provider_claimed|operator_pending_review|birdeye|birdeye_enriched_winrate,birdeye_gainers_losers
DWRajz3iRzoRFoigyBP2q4WszkyALpcLEBex4Gac9jst,solana,147237.61,168415.34,-21177.73,0,2153,211.29,provider_claimed|operator_pending_review|birdeye|birdeye_enriched_winrate,birdeye_gainers_losers
DYzEteqb4iWkaUMpfsC9FfFvFCEE3z27bpJbQJKjyLcg,solana,167064.33,167839.36,-775.03,0.399,2816,153.23,provider_claimed|operator_pending_review|birdeye|birdeye_enriched_winrate,birdeye_gainers_losers
Awv4vDwne5552NzdkMpqdbvCj7WYdWYsm6SbXnuZixh9,solana,153208.72,162970.4,-9761.68,0,1875,219.76,provider_claimed|operator_pending_review|birdeye|birdeye_enriched_winrate,birdeye_gainers_losers
GjiufnETmNGCNFHwxLBDrf5rhnXK4sGygcHQ3dXewjKK,solana,161719.74,162606.22,-886.48,0,523,636.93,provider_claimed|operator_pending_review|birdeye|birdeye_enriched_winrate,birdeye_gainers_losers
Eeh5JbThxNjpdEoDcn7sKct3rvDzCsGXRggoELGE7yTZ,solana,115972.5,161170.33,-45197.84,0,577,753.47,provider_claimed|operator_pending_review|birdeye|birdeye_enriched_winrate,birdeye_gainers_losers
FdhpxuCPYWM98q5q1rHLAYRfXFsHUCzaos5ogz4prR7r,solana,371777.29,161148.64,210628.66,0,141,2830,provider_claimed|operator_pending_review|birdeye|birdeye_enriched_winrate,birdeye_gainers_losers
F8nJEd1KEXoJoCAVTTtaVMnBDUsbAudWRxEiRHcXwx4D,solana,155656.7,155656.7,0,0.4545,188,831.14,provider_claimed|operator_pending_review|birdeye|birdeye_enriched_winrate,birdeye_gainers_losers
5sSMDMihondV5qBBjwNGb25M5M3nj6Kzb69C3MuMKsxS,solana,153088.46,155431.08,-2342.62,0.5,36,6597.7,provider_claimed|operator_pending_review|birdeye|birdeye_enriched_winrate,birdeye_gainers_losers
GLHtXG9ExGNptaU6SoMMzk5wemBPrTVDSmtfp69LazEs,solana,138678.81,151206.07,-12527.27,0,77,3065.83,provider_claimed|operator_pending_review|birdeye|birdeye_enriched_winrate,birdeye_gainers_losers
6aHKA2wsyjL7kmANYkpAKykjr9d9Rgnnc2ztzvTqqegh,solana,150629.92,150629.92,0,0.4,573,343.95,provider_claimed|operator_pending_review|birdeye|birdeye_enriched_winrate,birdeye_gainers_losers
BvyDJRN3gNcveWo1BezbRgfzamSurgzW5Aemd5FJnWeh,solana,-370111.09,148526.38,-518637.47,0,305,2487.8,provider_claimed|operator_pending_review|birdeye|birdeye_enriched_winrate,birdeye_gainers_losers
6Ar9Tvua23zXcKRoFL2VZdwe5pa2ziY2tDTQ649BhRAq,solana,147473.83,147473.83,0,0.4,144,1663.16,provider_claimed|operator_pending_review|birdeye|birdeye_enriched_winrate,birdeye_gainers_losers
7qNbdfpsVdDGmkzfhQJE1ByVqjzAuf9d2Gaoh388sZtL,solana,112832.25,146384.81,-33552.56,0.5,1246,932.93,provider_claimed|operator_pending_review|birdeye|birdeye_enriched_winrate,birdeye_gainers_losers
E6YW64uXfXjXhh3YkJb41woJzTL38idtQicfgUKfRqEi,solana,143508.19,143508.19,0,0.1333,128,1578.18,provider_claimed|operator_pending_review|birdeye|birdeye_enriched_winrate,birdeye_gainers_losers
E1WPvUC5XCNP2kK4B9wfYUpt9nxxoVvNnEA4DmF2ys4W,solana,-276488.32,143419.82,-419908.14,0,71,7983.32,provider_claimed|operator_pending_review|birdeye|birdeye_enriched_winrate,birdeye_gainers_losers
gVDXhoGbePACvSqN7CZBtQXFW9eyJwsgudPEwSydAkx,solana,580798.16,142961.15,437837.01,0.8571,748,397.87,provider_claimed|operator_pending_review|birdeye|birdeye_enriched_winrate,birdeye_gainers_losers
EnCtcNze3hEQmc1j9nZH4LDW3fJe9QaW45qCExV7HHjk,solana,129397.12,140986.41,-11589.28,0,80,2826.64,provider_claimed|operator_pending_review|birdeye|birdeye_enriched_winrate,birdeye_gainers_losers
AstaWuJuQiAS3AfqmM3xZxrJhkkZNXtW4VyaGQfqV6JL,solana,141790.16,138369.58,3420.59,0.4375,250,1443.46,provider_claimed|operator_pending_review|birdeye|birdeye_enriched_winrate,birdeye_gainers_losers
EMp115dQaDGcMnogrB8FnxBc9XF6AZAq4QJ9wFK5utFB,solana,156636.18,137211.25,19424.93,0.3077,321,2455.58,provider_claimed|operator_pending_review|birdeye|birdeye_enriched_winrate,birdeye_gainers_losers
B5Rscxa6UJGRD1taSfwsanxj2d7WXgnStX7rBAPzTLt6,solana,136414.15,136414.15,0,0.5,53,5365.12,provider_claimed|operator_pending_review|birdeye|birdeye_enriched_winrate,birdeye_gainers_losers
5fowLXmZBV6jCYoPxHmyU56eHm5ZnY3fYC42YUm33Xsv,solana,127713.12,136019.38,-8306.26,0,1571,196.76,provider_claimed|operator_pending_review|birdeye|birdeye_enriched_winrate,birdeye_gainers_losers
3X95LnUkZidXwTfyLTQCUdy7szCaD2hWJU7K7Q1bjwkE,solana,135696.36,135696.36,0,0.5455,151,903,provider_claimed|operator_pending_review|birdeye|birdeye_enriched_winrate,birdeye_gainers_losers
C7eqyPLS3tcbXuQHkLvnn3Fjfn23dTQZuwiVsHwN9n1M,solana,-1356329.81,135162.77,-1491492.59,0,109,14980.48,provider_claimed|operator_pending_review|birdeye|birdeye_enriched_winrate,birdeye_gainers_losers
7fAkfQ8deiZDGRcv4WxES5gi9XaynFrk5uCBv16XJatY,solana,116258.55,134154.7,-17896.15,0,230,1085.39,provider_claimed|operator_pending_review|birdeye|birdeye_enriched_winrate,birdeye_gainers_losers
9rDMVCH7mQ9N2PkyHw8KT8wraMhF8tyMz9R631yyL1df,solana,133326.42,133326.42,0,0.9156,3098,253.15,provider_claimed|operator_pending_review|birdeye|birdeye_enriched_winrate,birdeye_gainers_losers
CTz8Bi6iJ7ZxYpGNxCGp17ZnbM8ewPGWxdmXvTFz2JiD,solana,131295,131295,0,0.5833,121,1090.4,provider_claimed|operator_pending_review|birdeye|birdeye_enriched_winrate,birdeye_gainers_losers
4qvhbPxpEn1dsfxMB6zJ219mDx9pn5wvijn8cUmGGmKd,solana,-335486.96,129753.41,-465240.38,0,304,2283.25,provider_claimed|operator_pending_review|birdeye|birdeye_enriched_winrate,birdeye_gainers_losers
DedWtoz7csvD81NRCSvktt6ey4qxLrFSqH2FMXbYsKDf,solana,128460.22,129349.11,-888.89,0.2533,483,916.44,provider_claimed|operator_pending_review|birdeye|birdeye_enriched_winrate,birdeye_gainers_losers
F5j7fyGmBMAEVoM8EDZF9dmAzfQ9VLbredoRTkWeCZ2J,solana,121784.05,127980.36,-6196.32,0,1918,198.29,provider_claimed|operator_pending_review|birdeye|birdeye_enriched_winrate,birdeye_gainers_losers
FanB8DJpfBUoDzaSidp5yqyVpZNK6qV3KD6AVXWs84hA,solana,120667.3,127803.91,-7136.62,0,1809,234.05,provider_claimed|operator_pending_review|birdeye|birdeye_enriched_winrate,birdeye_gainers_losers
CgmwCcCoF5YNhWrVBz2R2iH4MopfvYLfxLgSZsrnemi6,solana,444590.7,127590.68,317000.02,0.8154,1332,376.53,provider_claimed|operator_pending_review|birdeye|birdeye_enriched_winrate,birdeye_gainers_losers
EiozhX4Va8jYXJqf2WUP9NHW6aQ9gkUDDHFBLR3cUpfq,solana,210420.05,125828.26,84591.79,0,199,1853.07,provider_claimed|operator_pending_review|birdeye|birdeye_enriched_winrate,birdeye_gainers_losers
Gu8CawHX8ME7TK74EBdyQTUxZLcYPu2XGXefqnWrYmZn,solana,2852185.39,124384.06,2727801.33,0,114,1153.39,provider_claimed|operator_pending_review|birdeye|birdeye_enriched_winrate,birdeye_gainers_losers
FRLwWJmAfgpJ3fgQgsk8h26uELXL6MThYx9Evk43f23P,solana,118248.66,121079.2,-2830.54,0.3458,4329,125.08,provider_claimed|operator_pending_review|birdeye|birdeye_enriched_winrate,birdeye_gainers_losers
6cpUAoZAWA4Pm5QJtwfDe5ryDsCaaMr626Ps8NV7vCwF,solana,99415.82,120817.81,-21401.98,0.2157,1924,910.52,provider_claimed|operator_pending_review|birdeye|birdeye_enriched_winrate,birdeye_gainers_losers
HhxJeVTkEbKZ2PbTyyJyQQtLeMCCYNS8WMG7kBJUzgyk,solana,95525.67,120783.77,-25258.1,0,2084,182.81,provider_claimed|operator_pending_review|birdeye|birdeye_enriched_winrate,birdeye_gainers_losers
5bpoQCSwjrzjunQMnGLFYAWDqTJVxcAqX9q4ZwVSyvKd,solana,117883.86,119520.91,-1637.05,0,239,952.3,provider_claimed|operator_pending_review|birdeye|birdeye_enriched_winrate,birdeye_gainers_losers
2wcFQquDBWCakJFHkTeszsZJuTBaxCY2LhVP3sFcW9tf,solana,119305.04,119314.88,-9.85,0,22,5972.15,provider_claimed|operator_pending_review|birdeye|birdeye_enriched_winrate,birdeye_gainers_losers
5w5QUq1LWwd7KzzGyJEWuDHg8kymMX4j1VQ9CpGCg9E8,solana,253789.68,118527.58,135262.1,0,1175,1004.03,provider_claimed|operator_pending_review|birdeye|birdeye_enriched_winrate,birdeye_gainers_losers
Gm7MdoqobC2HbD8ERQGfXBViPxQaAwnM8GMifjyMqFnZ,solana,114808.1,114808.1,0,0.4286,98,1179.46,provider_claimed|operator_pending_review|birdeye|birdeye_enriched_winrate,birdeye_gainers_losers
FH83UjixCcSzvjfkVNdmW4Y7sTxCj1BST5K2d3anX8mL,solana,108519.37,114149.49,-5630.12,0,167,4308.94,provider_claimed|operator_pending_review|birdeye|birdeye_enriched_winrate,birdeye_gainers_losers
GqQWxXmrix5beLio1XpdEibjXsQWrYLesy7bHjT7zRPb,solana,112134.87,112134.87,0,0.25,112,12510.58,provider_claimed|operator_pending_review|birdeye|birdeye_enriched_winrate,birdeye_gainers_losers
3mFzhm5eTDhjeQcFTj2YgBJK33XSqRM7iJcCad4Q4Hkw,solana,111457.76,111457.76,0,0.8426,2012,140.85,provider_claimed|operator_pending_review|birdeye|birdeye_enriched_winrate,birdeye_gainers_losers
BC3CLAELMQNAhGXqgU3vyYpX7drNUhsqzXG5aDbda5Ue,solana,109172.21,110989.48,-1817.27,0.5714,199,868.94,provider_claimed|operator_pending_review|birdeye|birdeye_enriched_winrate,birdeye_gainers_losers
A2XqEiR18CMSk5CQwt6gsKwCnw1Xduyn4BDLnRmWZ18s,solana,110793.57,110774.23,19.33,0.2647,163,753.11,provider_claimed|operator_pending_review|birdeye|birdeye_enriched_winrate,birdeye_gainers_losers
AgYewUpXMKzvcNV1LJYMY1mH9F1E8JbuHAU96xxAdtPo,solana,110260.75,110260.75,0,0,244,460.39,provider_claimed|operator_pending_review|birdeye|birdeye_enriched_winrate,birdeye_gainers_losers
AYufqf51nYqemFVwajjHYWwvqcPThqyY2NXp6UPNpSx4,solana,99041.4,109131.45,-10090.06,0.25,405,1330.73,provider_claimed|operator_pending_review|birdeye|birdeye_enriched_winrate,birdeye_gainers_losers
7PypumCQ4wco2bV4UAjCwbrdCdnWwyAacjxRhX3yuz8R,solana,109077.87,109077.87,0,0.0769,47,48347.71,provider_claimed|operator_pending_review|birdeye|birdeye_enriched_winrate,birdeye_gainers_losers
ErTkeLz8QZW5QFtwDD4xhnY66oU85iNosoYYMP2mPo3n,solana,388731.05,108775.12,279955.93,0.1429,115,4098.21,provider_claimed|operator_pending_review|birdeye|birdeye_enriched_winrate,birdeye_gainers_losers
82DMeNcrCDuc4AhydbZwZamRJ9HtDzczJnL7RRS3NYrW,solana,-832810.1,108258.28,-941068.38,0,143,7703.15,provider_claimed|operator_pending_review|birdeye|birdeye_enriched_winrate,birdeye_gainers_losers
AMRsSeU5JpqwQWJGNLMpZzRCZSFEwYQYbMnms3dD4311,solana,95838.21,108080.43,-12242.22,0.7674,914,300.25,provider_claimed|operator_pending_review|birdeye|birdeye_enriched_winrate,birdeye_gainers_losers
6VPjjT8WSH3Akt4Ro2tj8gaskCChXgES59Mgzdhfv9jY,solana,105813.77,107616.79,-1803.02,0.4583,384,1200.64,provider_claimed|operator_pending_review|birdeye|birdeye_enriched_winrate,birdeye_gainers_losers
FSU7qY4zZoQjxa8gttu5AYy8yomg2JqPSnGM7kupARSb,solana,197412.08,107362.45,90049.63,0.1,193,1367.74,provider_claimed|operator_pending_review|birdeye|birdeye_enriched_winrate,birdeye_gainers_losers
75kgx5QhMuCXB41uhorbYHfRFqEkVFQChTurtVAnwHJz,solana,119437.59,106506.68,12930.9,0,25,4296.81,provider_claimed|operator_pending_review|birdeye|birdeye_enriched_winrate,birdeye_gainers_losers
9oM9tNZDzfyTxK7Vdd2V1tczENAUuefXS7JKN1r72dKZ,solana,-569932.1,106340.92,-676273.02,0,61,13050.91,provider_claimed|operator_pending_review|birdeye|birdeye_enriched_winrate,birdeye_gainers_losers
9nF713DdZCZPAQU1SheFprs9FEYLPhCURZnURJw6hK54,solana,98660.12,105918.43,-7258.31,0,1356,214.54,provider_claimed|operator_pending_review|birdeye|birdeye_enriched_winrate,birdeye_gainers_losers
BWauZGsvainrWzbpck5aGJgRgcGbyjF2k9beKpJWU2xG,solana,102765.54,103256.65,-491.11,0.8143,2162,176.96,provider_claimed|operator_pending_review|birdeye|birdeye_enriched_winrate,birdeye_gainers_losers
8QjaQjM1mXYTAd22rCdvGDfvtHZ8DasPtcDKFEoQjDfR,solana,102416.43,103172.95,-756.52,0,1576,196.66,provider_claimed|operator_pending_review|birdeye|birdeye_enriched_winrate,birdeye_gainers_losers
AHjQMx83hqHRBNN6gmSoyHToWUBokDDqmWNwKVqzpmxT,solana,196545.71,102913.42,93632.29,0.2,423,1536.14,provider_claimed|operator_pending_review|birdeye|birdeye_enriched_winrate,birdeye_gainers_losers
6FEAM1Sgo3dEv52TCWppMLMiPu2S9K2g4qY3h4HGV6em,solana,101236.55,101236.55,0,0.25,124,821.8,provider_claimed|operator_pending_review|birdeye|birdeye_enriched_winrate,birdeye_gainers_losers
3njAZPXw3DyRA7YhXZswcnJb7ytnVCY4cp9VTy23u8fZ,solana,102722.36,100856.07,1866.29,0,242,1005.76,provider_claimed|operator_pending_review|birdeye|birdeye_enriched_winrate,birdeye_gainers_losers
HbGw2sgZwhJEENeCEqGnABLBqG8nUR71vzabFLAYceuv,solana,99635.37,100460.16,-824.79,0.3804,2774,130.54,provider_claimed|operator_pending_review|birdeye|birdeye_enriched_winrate,birdeye_gainers_losers
8cPYWE3Fq4KKZBtm1DCZHSEFtLkBiU4o7mtP8JSNGQEA,solana,99032.99,99828.97,-795.98,0.422,2678,129.26,provider_claimed|operator_pending_review|birdeye|birdeye_enriched_winrate,birdeye_gainers_losers
JCkL6iQW2K8CKsZvE9WRmPe5sTXQSRkQc1owHLaLTdrM,solana,77823.41,99651.43,-21828.01,0,252,904.59,provider_claimed|operator_pending_review|birdeye|birdeye_enriched_winrate,birdeye_gainers_losers
HEW6rzSBb3CgWhqkeFvdpCY6FQXwns54nQLhSiTVEnJp,solana,-2670781.38,99430.69,-2770212.06,0.8667,1409,2095.96,provider_claimed|operator_pending_review|birdeye|birdeye_enriched_winrate,birdeye_gainers_losers
3cHs1H25DJukPyE8EsB2VTfuQTL8YEHojoHoUTjqyQU9,solana,97705.75,98215.01,-509.26,0.293,895,239,provider_claimed|operator_pending_review|birdeye|birdeye_enriched_winrate,birdeye_gainers_losers
8tMu9Sd4NcW9byW6YEFyN3ihfam8vkKXwgXGCsK5B2Lg,solana,94835.32,97928.1,-3092.78,0.9832,1050,239.24,provider_claimed|operator_pending_review|birdeye|birdeye_enriched_winrate,birdeye_gainers_losers
Cr1n5ZTc1W42zxHQ2LEAHUyvKPrm3ABAHKmFABMh9bKT,solana,72254.31,95803.12,-23548.81,0.2222,496,1347.92,provider_claimed|operator_pending_review|birdeye|birdeye_enriched_winrate,birdeye_gainers_losers
FaJxvj5rCHhm6PukLf4QnWrw31gQ9Z2hsuzacW8QyrQ5,solana,117574.93,94800.03,22774.91,0.957,2324,271.56,provider_claimed|operator_pending_review|birdeye|birdeye_enriched_winrate,birdeye_gainers_losers
AoGefnxF5CbZvbd2cvxv4Ex1E5j86dqEjehazRuMcMFe,solana,23315.81,94162.68,-70846.87,0.2297,2400,420.92,provider_claimed|operator_pending_review|birdeye|birdeye_enriched_winrate,birdeye_gainers_losers
BFhQnsERK8xnZS59pkif2zscrhQBTNyp6zriWLMrBReX,solana,93335.06,93343.7,-8.64,0.087,560,1799.36,provider_claimed|operator_pending_review|birdeye|birdeye_enriched_winrate,birdeye_gainers_losers
47aPsgG7XHMFVngVCfroQg1jTTBarwSUWKQxCMWrmL6P,solana,92913.24,92913.24,0,0.5,81,1984.91,provider_claimed|operator_pending_review|birdeye|birdeye_enriched_winrate,birdeye_gainers_losers
6ranvupmmf6HW6CJNDo2WnoFShzzeYENsDLsyQTGbM4s,solana,92199.09,92782.14,-583.06,0.6667,42,2518.65,provider_claimed|operator_pending_review|birdeye|birdeye_enriched_winrate,birdeye_gainers_losers
9Jj6XHn8iCNth7wiFvDU542xhwFKFLcZjkWmukaBCW3,solana,92516.55,92516.55,0,0.0833,97,9237.02,provider_claimed|operator_pending_review|birdeye|birdeye_enriched_winrate,birdeye_gainers_losers
BnNQqkBsCtLWUutgSmx6NvRTypjrbmzWZ3PzAwobVETx,solana,78868.38,91925.11,-13056.73,0,135,1348.1,provider_claimed|operator_pending_review|birdeye|birdeye_enriched_winrate,birdeye_gainers_losers
F38JXYpHMPoaDrCFPAtDtZh7qR2R4G1gJK5MKRELPU9,solana,91623.64,91623.64,0,0.5,309,1579.23,provider_claimed|operator_pending_review|birdeye|birdeye_enriched_winrate,birdeye_gainers_losers
FFUNtndF5uebTNkQwAqAa9etRe7kFC3RuhuDTe4mkUJt,solana,91604.43,91604.46,-0.03,0.3636,80,1160.25,provider_claimed|operator_pending_review|birdeye|birdeye_enriched_winrate,birdeye_gainers_losers
GYueWDEzABTRBaB3R17pAwmaPTbwm4BUHUCgTF5QZxHp,solana,90735.19,90886.97,-151.78,0,312,511.1,provider_claimed|operator_pending_review|birdeye|birdeye_enriched_winrate,birdeye_gainers_losers
13TkFWetaiiv347BKsb2ZS1F9isT8gixGAeY9ftfNaug,solana,149138.88,90566.08,58572.8,0.5714,159,954.6,provider_claimed|operator_pending_review|birdeye|birdeye_enriched_winrate,birdeye_gainers_losers
DCH13qyXQ38DcjoDBGTuhNeJvRF5tkGCwPzA3bv7G6mB,solana,90556.21,90556.21,0,0.8,714,918.05,provider_claimed|operator_pending_review|birdeye|birdeye_enriched_winrate,birdeye_gainers_losers
EeKNznnh3fGYhNrax78xAWgkAmKtsvPJcgyfTQGVSSwT,solana,123547.66,90471.79,33075.87,0.3156,1389,286.99,provider_claimed|operator_pending_review|birdeye|birdeye_enriched_winrate,birdeye_gainers_losers
FnW6MLyu5UX1G4fYcmmBrPy46foBi6vm4GTWNZQkxUrF,solana,94757.27,90157.46,4599.8,0.8438,520,421.42,provider_claimed|operator_pending_review|birdeye|birdeye_enriched_winrate,birdeye_gainers_losers
3pnC88pLPzhq9r1vBYy2rp4YommECpBV5p4wEthu6AjE,solana,109748.91,90141.27,19607.64,0.2727,425,1579.5,provider_claimed|operator_pending_review|birdeye|birdeye_enriched_winrate,birdeye_gainers_losers
6yrRgwG9QVcfqJt3QTbg6XBqqpiTyoDYvj7AdNKzoE98,solana,79386.34,89921.16,-10534.82,0,235,757.91,provider_claimed|operator_pending_review|birdeye|birdeye_enriched_winrate,birdeye_gainers_losers
CsXEsoo3iL2QBErfxBQCUw4hvaV7ni9Geecy3pdvSaf,solana,90990.86,89526.94,1463.92,0.4909,1605,167.13,provider_claimed|operator_pending_review|birdeye|birdeye_enriched_winrate,birdeye_gainers_losers
4W3fiTa3Rai2dh5USiXA71EymrPCeLxVmSeXeU8his5C,solana,84037.83,89462.75,-5424.92,0.8732,2715,193.72,provider_claimed|operator_pending_review|birdeye|birdeye_enriched_winrate,birdeye_gainers_losers
8RAm2sFg5CbbYmFBjcZaXWbwXad4TYRdt7jCPWU5bux7,solana,88707.57,89076.42,-368.84,0.4775,529,503.86,provider_claimed|operator_pending_review|birdeye|birdeye_enriched_winrate,birdeye_gainers_losers
8q5p67ovkCb5R7J74v9gK5fKRKSHcrR9h4uL89zxTd7s,solana,316154.15,88986.8,227167.35,0.375,119,5236.15,provider_claimed|operator_pending_review|birdeye|birdeye_enriched_winrate,birdeye_gainers_losers
3nG9zBc6fTne3j9kkS1CB5quyt25CS29GEjvMGNKmDSz,solana,88956.35,88955.88,0.47,0.7195,3144,308.51,provider_claimed|operator_pending_review|birdeye|birdeye_enriched_winrate,birdeye_gainers_losers
21BACQXNyKEDqSghP6uf977VfDfdxzUT64PuEYi6a1HC,solana,88822.72,88822.72,0,0.625,108,828.53,provider_claimed|operator_pending_review|birdeye|birdeye_enriched_winrate,birdeye_gainers_losers
9wRuFPJZFviuHv9q4hsaxUUADDphX6oSjcMA3RuxTFRG,solana,75967.8,88285.61,-12317.8,0.7816,2622,269.05,provider_claimed|operator_pending_review|birdeye|birdeye_enriched_winrate,birdeye_gainers_losers
5kJQcwbeNNesTmBvu9KWUmDDj5zr9D6Ks6fq3zjHkPGA,solana,-678298.71,88054.41,-766353.12,0,86,10214.21,provider_claimed|operator_pending_review|birdeye|birdeye_enriched_winrate,birdeye_gainers_losers
4Dsa1x9jkRHn7K72CPw2gQXRGKuCCt7uvoA2gPi1EYQD,solana,63618.87,87176.48,-23557.61,0,1795,180.16,provider_claimed|operator_pending_review|birdeye|birdeye_enriched_winrate,birdeye_gainers_losers
4YEyzhwDTmPAzZmrexE5cUQi7wN5i6mdWFC5fAonxTNh,solana,335712.37,87131.88,248580.49,0,213,2115.04,provider_claimed|operator_pending_review|birdeye|birdeye_enriched_winrate,birdeye_gainers_losers
9jPTCTtrw8Sw1RTg2u1TAHMyAjJ77DuyMta4ZDubJxXk,solana,123592.18,86801.95,36790.23,0.2,41,6706.87,provider_claimed|operator_pending_review|birdeye|birdeye_enriched_winrate,birdeye_gainers_losers
J2nN6a4q7DdYR97ePRgHAecijuuGmEVJysjivaVba16G,solana,96537.63,86586.65,9950.98,0.0789,2016,300.76,provider_claimed|operator_pending_review|birdeye|birdeye_enriched_winrate,birdeye_gainers_losers
FRcHp2wrSk2Ej9Y81DFEVJ7U8arL1ki5RX6c49Wa3M8J,solana,13821.55,85863.27,-72041.72,0.8,244,2456.4,provider_claimed|operator_pending_review|birdeye|birdeye_enriched_winrate,birdeye_gainers_losers
D4kH1DmE3cDBXdzxWntfm7URZWD2i3tHQCTsmYUWzhVY,solana,85269.03,85269.03,0,0,187,468.33,provider_claimed|operator_pending_review|birdeye|birdeye_enriched_winrate,birdeye_gainers_losers
gtfoTELAeEZHUgHetA6umfsCETiBMzJCN4tB2sqCgFL,solana,85944.96,84899.95,1045.01,0.9364,1208,822.13,provider_claimed|operator_pending_review|birdeye|birdeye_enriched_winrate,birdeye_gainers_losers
GHLFL6VzESLD4LLBbaNrjUgMCbKXcqBEPXVoouA2URNS,solana,85616.69,84611.82,1004.86,0.3333,524,875.77,provider_claimed|operator_pending_review|birdeye|birdeye_enriched_winrate,birdeye_gainers_losers
APgKzZkvoYfP14aSk6G8sx4JaSc1gpHkVz2X39Djk8vD,solana,255117.52,84562.09,170555.43,0.3333,1975,291.93,provider_claimed|operator_pending_review|birdeye|birdeye_enriched_winrate,birdeye_gainers_losers
7ufmve7ZSFCzuNcKRunYrGtyb2Ka1MXzkWwf7jZhVsmL,solana,86052.07,84512.33,1539.74,0.9143,514,387.74,provider_claimed|operator_pending_review|birdeye|birdeye_enriched_winrate,birdeye_gainers_losers
2HtbFSqLRhv7qsMk8fZsvVBJaZE6pxobh8PgEFQWfv4B,solana,84150.54,84154.37,-3.83,0,141,640.19,provider_claimed|operator_pending_review|birdeye|birdeye_enriched_winrate,birdeye_gainers_losers
A6HB6QUWZva41EfQjrqAjBCzhSXdvk2AvD5B772t4Csg,solana,83362.96,84146.57,-783.61,0.3688,2742,123.67,provider_claimed|operator_pending_review|birdeye|birdeye_enriched_winrate,birdeye_gainers_losers
BW2T5acijUeQjuTMyZGPk4knjFCjsPaKuyU9PpooEMUM,solana,121944.77,84127.33,37817.44,0.1818,125,869.77,provider_claimed|operator_pending_review|birdeye|birdeye_enriched_winrate,birdeye_gainers_losers
7ym2cGHEDqarAeRjZ43PKCg2EvyAyXbJi57r6csJ8tKZ,solana,192353.05,83630.75,108722.3,0.2,413,552.66,provider_claimed|operator_pending_review|birdeye|birdeye_enriched_winrate,birdeye_gainers_losers
DRpjkKzVjypGjhTs2A14YAoKq4gZMHiwFnbN6FENudv9,solana,82909.02,83574.87,-665.85,0.1864,441,1090.15,provider_claimed|operator_pending_review|birdeye|birdeye_enriched_winrate,birdeye_gainers_losers
2MsW1rv316FT3ZD54HkiAotVnLQm1knVoLS2q6NbrFcB,solana,170759.88,82833.9,87925.98,0.1111,225,2760.49,provider_claimed|operator_pending_review|birdeye|birdeye_enriched_winrate,birdeye_gainers_losers
GPdGrGiwsTWBJs3oT3DK9oDofe8qjSgXdyVBPxi1Gu62,solana,-23596.68,82587.7,-106184.38,0.5,392,3972.07,provider_claimed|operator_pending_review|birdeye|birdeye_enriched_winrate,birdeye_gainers_losers
9r2ZyUpUwaYz4Qm5iehcEhAxbgvVXNU5grYNSJzqbzeN,solana,-562677.93,82246.68,-644924.62,0,66,11131.17,provider_claimed|operator_pending_review|birdeye|birdeye_enriched_winrate,birdeye_gainers_losers
AimD6SVDxnwBEUrmn7wdBdRLbrFEY922atAd6DNkfXPZ,solana,82211.9,82211.9,0,0.5,217,2517.79,provider_claimed|operator_pending_review|birdeye|birdeye_enriched_winrate,birdeye_gainers_losers
29hDcch4iGEAwjCUvR9ik9TA22xUW54aHUbggGfgDeCC,solana,-7011633.98,82206.28,-7093840.26,0,1430,5227.51,provider_claimed|operator_pending_review|birdeye|birdeye_enriched_winrate,birdeye_gainers_losers
4hvruD7YDRZL2xh5aCUrN2DoxZKCjGv9jofDXMvwGagC,solana,81679.08,81695.78,-16.7,0.4,639,3249.52,provider_claimed|operator_pending_review|birdeye|birdeye_enriched_winrate,birdeye_gainers_losers
76iSUXBUy1QXmJe1VpMeQfx6ZcJLxvzMt78JRpokNnqG,solana,81403.95,81626.63,-222.67,0.7887,2590,142.59,provider_claimed|operator_pending_review|birdeye|birdeye_enriched_winrate,birdeye_gainers_losers
FYZQ3YviraCcDGTMfEB9LC8P3genjSpbu4fJj2RgGtBv,solana,97736.9,81060.15,16676.76,0,73,1494.07,provider_claimed|operator_pending_review|birdeye|birdeye_enriched_winrate,birdeye_gainers_losers
aoSHne7LucwTSv5HDN2eqjXnPgZDTpqWQNMg8fDDKpX,solana,73211.18,80683.78,-7472.61,0.439,216,1742.02,provider_claimed|operator_pending_review|birdeye|birdeye_enriched_winrate,birdeye_gainers_losers
28n1fjCjedxooLjFmw46e3J5tGbMQ43KAo9SFJufV95B,solana,153138.68,80605.23,72533.45,0,36,3513.62,provider_claimed|operator_pending_review|birdeye|birdeye_enriched_winrate,birdeye_gainers_losers
Gg28je7afRBUkog1DRSnRfene1zM9cuhnVdJKXVJWt3Q,solana,79229.53,79229.53,0,0.9413,1820,230.26,provider_claimed|operator_pending_review|birdeye|birdeye_enriched_winrate,birdeye_gainers_losers
6DsWvNKdueV1qavdfKZVzqSwJFxfD1PhCpjJweLNDu99,solana,78433.26,78813.18,-379.92,0,135,1230.07,provider_claimed|operator_pending_review|birdeye|birdeye_enriched_winrate,birdeye_gainers_losers
iPUp3qkm39ycMGbywWFMUyvaDhiiPGXeWXaDtmHNe6C,solana,77084.5,78688.34,-1603.85,0.5629,1167,347.18,provider_claimed|operator_pending_review|birdeye|birdeye_enriched_winrate,birdeye_gainers_losers
E9cnYgPfwbDmd5qXs4r3h3g9gWERRrz2cgJ9AbPoiucR,solana,331439.06,78642.5,252796.55,0.3086,445,337.3,provider_claimed|operator_pending_review|birdeye|birdeye_enriched_winrate,birdeye_gainers_losers
DkTX9a4npZXFtmwLBEeu85oEPKd48JzgoxRqBCXVqBk1,solana,-54351.53,78466.37,-132817.9,0,400,644.6,provider_claimed|operator_pending_review|birdeye|birdeye_enriched_winrate,birdeye_gainers_losers
5RQ1UWATaMjjXC34BW6UusEUdEoCuNRECBW8nnHPiCGH,solana,73231.91,78408.82,-5176.91,0.9352,2587,212.46,provider_claimed|operator_pending_review|birdeye|birdeye_enriched_winrate,birdeye_gainers_losers
AiLwAtCzPnQh6GnJ1UiMi9vqNniV3QyTM4rueKYNjPwN,solana,67971.77,77430.33,-9458.56,0.6408,3159,200.8,provider_claimed|operator_pending_review|birdeye|birdeye_enriched_winrate,birdeye_gainers_losers
7xVEAo8m7Md3fiywzinKFzxrC1GjHJackXFo46nxbCTD,solana,488.94,77129.44,-76640.5,0.1667,458,4660.38,provider_claimed|operator_pending_review|birdeye|birdeye_enriched_winrate,birdeye_gainers_losers
YcizJbRZQ1HwWSUPbSFx1gPYAym8G8k8pRGnR7L3eN8,solana,153245.26,76643.48,76601.78,0,90,5246.34,provider_claimed|operator_pending_review|birdeye|birdeye_enriched_winrate,birdeye_gainers_losers
EX4kQcPVL8rgA5AyjNvnB35uFTwzESZUvprqWBbjEqbp,solana,61126.48,76326.9,-15200.42,0.0625,1084,1018.38,provider_claimed|operator_pending_review|birdeye|birdeye_enriched_winrate,birdeye_gainers_losers
Ffa8szcDeD8NYtW1rU8HGg2rMzBh2Q9e5Er3tBGKwRPf,solana,76058.1,76058.1,0,0.2143,200,2883.06,provider_claimed|operator_pending_review|birdeye|birdeye_enriched_winrate,birdeye_gainers_losers
FXGq261SN4AQx1CcboV41Etdjn3ZcQNrLfKz6XCKArdy,solana,55107.52,75790.84,-20683.32,0,227,878.34,provider_claimed|operator_pending_review|birdeye|birdeye_enriched_winrate,birdeye_gainers_losers
5xTa1Jk8D8qMKQdFz4Zf6bq2v3k3J3FErp3i8QDwUF6b,solana,80038.07,75207.68,4830.39,0.5341,1145,149.28,provider_claimed|operator_pending_review|birdeye|birdeye_enriched_winrate,birdeye_gainers_losers
FVhpzr7ow2Y36pAdJy57xbrYwRdRenRPJpTYWPy6aLKb,solana,74931.53,74931.53,0,0.5,188,8768.23,provider_claimed|operator_pending_review|birdeye|birdeye_enriched_winrate,birdeye_gainers_losers
FZATncLjnU4amURwFGnUZKRF2UyyyU3kpTUyqUX1Km1u,solana,74476.99,74481.55,-4.56,0,125,644.74,provider_claimed|operator_pending_review|birdeye|birdeye_enriched_winrate,birdeye_gainers_losers
4qmFqp1YvSGmMmcnH3LWiuWRGf2zRUmePtnJRjGP6nE6,solana,71977.38,73977.11,-1999.74,0,1642,175.9,provider_claimed|operator_pending_review|birdeye|birdeye_enriched_winrate,birdeye_gainers_losers
G2vhbPCG5jAbBjFCJnLBbGJco93r3iw1WuvmL8csvJMD,solana,95819.17,73974.36,21844.81,0.6667,211,5143.79,provider_claimed|operator_pending_review|birdeye|birdeye_enriched_winrate,birdeye_gainers_losers
CkSZzm2GoF4y11aQcRdnBwzHnpcb9nZNqXawT3kVjWC4,solana,12526.5,73974.29,-61447.79,0,157,4236.66,provider_claimed|operator_pending_review|birdeye|birdeye_enriched_winrate,birdeye_gainers_losers
Dzp1SrZ474xwGp6ZEP6cNKo39u9zeXe1YAuTkyZyv3t4,solana,69271.06,73931.02,-4659.95,0.9785,299,448.8,provider_claimed|operator_pending_review|birdeye|birdeye_enriched_winrate,birdeye_gainers_losers
FE2mgimB4e3bcV1krNXAJztFdT8QHKEhE8VY2GwAKATw,solana,73602.44,73634.51,-32.08,0.3846,463,14019.61,provider_claimed|operator_pending_review|birdeye|birdeye_enriched_winrate,birdeye_gainers_losers
6mRj2oRpRCc18iRwyoyarPPTkQ8bunXtgo27xxQjZXYT,solana,45872.35,73482.82,-27610.47,0.0769,309,536.21,provider_claimed|operator_pending_review|birdeye|birdeye_enriched_winrate,birdeye_gainers_losers
VUuZyNg3dWfvadYh2eYGsNV7KHoX1wNFtqAN32nzRuK,solana,-1162567.97,73267.4,-1235835.37,0,115,83861.58,provider_claimed|operator_pending_review|birdeye|birdeye_enriched_winrate,birdeye_gainers_losers
HLRAw55adZRYLR7YoiDxYLVu4NN92jQyzGt3zhdh3x3a,solana,298921.44,73261.52,225659.92,0.1,333,2756.72,provider_claimed|operator_pending_review|birdeye|birdeye_enriched_winrate,birdeye_gainers_losers
Ev1AaPu4c6L1QEXZiLv9DkNBa3ZigddiXYFTk9tN2DoK,solana,20183.8,72724.73,-52540.93,0.0769,116,8031.11,provider_claimed|operator_pending_review|birdeye|birdeye_enriched_winrate,birdeye_gainers_losers
6xozX6k9FAye4zEfictdejRhv5yKkHSNx1uxueRHBamr,solana,61063.19,72610.06,-11546.86,0.3778,1230,905.33,provider_claimed|operator_pending_review|birdeye|birdeye_enriched_winrate,birdeye_gainers_losers
B5hcNUxRw625xWKhZk7eahekR2PZGbWNvvbEVvoXTmh8,solana,3099.11,72049.18,-68950.07,0,427,3086.42,provider_claimed|operator_pending_review|birdeye|birdeye_enriched_winrate,birdeye_gainers_losers
C4rmk17GAYcb3KnZEus5psFTHydkxXVdHZuRyaBMo3mo,solana,-1011363.15,71887.72,-1083250.86,0,139,8317.41,provider_claimed|operator_pending_review|birdeye|birdeye_enriched_winrate,birdeye_gainers_losers
EZcv4WSEmX7WopTJc2bfrdaYovpKcxk81s9zXiQ3Zm9i,solana,47454.49,71763.73,-24309.24,0.4091,538,2805.9,provider_claimed|operator_pending_review|birdeye|birdeye_enriched_winrate,birdeye_gainers_losers
2ekEH85LY3CJYtvpPaQ3dw58VxeHDvUBTaLkKm5AYw4V,solana,218532.46,71557.47,146974.99,0.1875,204,1186.39,provider_claimed|operator_pending_review|birdeye|birdeye_enriched_winrate,birdeye_gainers_losers
HNXg3fH9kQ7Et63fqbZtWnHP1T6ifSJgk9b9kg8Wk1b4,solana,71155.96,71215.12,-59.16,0,279,539.35,provider_claimed|operator_pending_review|birdeye|birdeye_enriched_winrate,birdeye_gainers_losers
6qudAN2kV8mtCcYJxb5QQ6Vr15itdHHdeVbYm99NKMhy,solana,73269.98,71066.64,2203.34,0.8982,1437,282.6,provider_claimed|operator_pending_review|birdeye|birdeye_enriched_winrate,birdeye_gainers_losers
DFBzqpEoG92H3Z9WAktf5z8sWVguEu5Fm1m9amSyM2GW,solana,59831.49,70863.79,-11032.31,0,1755,204.67,provider_claimed|operator_pending_review|birdeye|birdeye_enriched_winrate,birdeye_gainers_losers
GkbCG9BGtjoupjo26co2xFTssrhC5yvE2VB7tEqpMuPR,solana,162906.73,70605.02,92301.71,0.5594,1405,249.36,provider_claimed|operator_pending_review|birdeye|birdeye_enriched_winrate,birdeye_gainers_losers
5JbdXbkvqb6CDbiEuBXdh2R54WJPtwZDoeQms8Kn8khm,solana,70527.92,70527.92,0,0.2,84,847.77,provider_claimed|operator_pending_review|birdeye|birdeye_enriched_winrate,birdeye_gainers_losers
Gjb36u9PcbmghEfusi9e4hCqYeLRVa4xpxgHH4g7eNb1,solana,70273.01,70273.01,0,0.5,79,2981.22,provider_claimed|operator_pending_review|birdeye|birdeye_enriched_winrate,birdeye_gainers_losers
E8C8KvJzRn7rBgjLdMmH4ssDhjq7tWFRvARkVuz22uYf,solana,21188.99,69638.44,-48449.45,0.125,225,1991.81,provider_claimed|operator_pending_review|birdeye|birdeye_enriched_winrate,birdeye_gainers_losers
75fKcDkNUNzpBigDd3znWYiwFVhAgFGMxUMh3pCs9EPu,solana,63503.79,69183.48,-5679.69,0.16,1008,524.49,provider_claimed|operator_pending_review|birdeye|birdeye_enriched_winrate,birdeye_gainers_losers
3naptRWgEeN7kkWCLg2J5nPCVESHUUmkRQSg7soHcRf7,solana,68980.34,68980.34,0,0,86,825.3,provider_claimed|operator_pending_review|birdeye|birdeye_enriched_winrate,birdeye_gainers_losers
D9gQ6RhKEpnobPBUdWY5bPQt2p3zGk3iVz6ChpUi2ArA,solana,269453.04,68191.5,201261.54,0.918,1013,233.79,provider_claimed|operator_pending_review|birdeye|birdeye_enriched_winrate,birdeye_gainers_losers
2LVJPXfs3U9bTnXX1y1vQdYAU9ZC7URTchNzDAdu4Y1q,solana,34427.87,68123.81,-33695.93,0.0714,96,1470.33,provider_claimed|operator_pending_review|birdeye|birdeye_enriched_winrate,birdeye_gainers_losers
29xkBR55eTqruN5gKN69Kifb2irFd4F2S2z4i5rrNCjr,solana,67528.86,67793.88,-265.02,0.251,824,203.55,provider_claimed|operator_pending_review|birdeye|birdeye_enriched_winrate,birdeye_gainers_losers
FNQqK9xKhQNV3Dwii8AhxSpkP9BP2h284PS6gew1vXTy,solana,66702.93,67548.9,-845.97,0,437,449.78,provider_claimed|operator_pending_review|birdeye|birdeye_enriched_winrate,birdeye_gainers_losers
HPGSoaK4WHuMNym7TpLqozRHkA6fRg3qGMDtqVsndL7h,solana,-173087.77,67523.3,-240611.07,0,188,1985.88,provider_claimed|operator_pending_review|birdeye|birdeye_enriched_winrate,birdeye_gainers_losers
4uZjgiqE3xDcKGSm13wMfvMhgPYA9amjSUXEb4kXFyZP,solana,-34843.27,67493.86,-102337.13,0.5,470,3754.46,provider_claimed|operator_pending_review|birdeye|birdeye_enriched_winrate,birdeye_gainers_losers
34qWhtTEmLYBwZnFWjU1qDHwgaGScDHwSfFbGF1oBX2Z,solana,68801.79,67457.81,1343.98,0.6685,1156,121.76,provider_claimed|operator_pending_review|birdeye|birdeye_enriched_winrate,birdeye_gainers_losers
BFMds9UaokYonP3izfbrfqMDkLXWAhcPqkeon3UdsBzj,solana,72241.7,67453.84,4787.87,0,535,622.05,provider_claimed|operator_pending_review|birdeye|birdeye_enriched_winrate,birdeye_gainers_losers
EmR8n7bioWBgRkhffvY4CYjaW9Bs5VZdMQZESCRYxAaj,solana,67869.06,67445.34,423.72,0.3555,1515,174.73,provider_claimed|operator_pending_review|birdeye|birdeye_enriched_winrate,birdeye_gainers_losers
8rE3jZsDwmpbEhm9TG1ukdJPfw5gEK8ozFDsBnnRd6oi,solana,67182.12,67182.12,0,0.3333,87,780.46,provider_claimed|operator_pending_review|birdeye|birdeye_enriched_winrate,birdeye_gainers_losers
4euyaqBe45J5dniAcNARERUo7B1wG96riG21sEpNndfU,solana,62175.96,67091.63,-4915.67,0.4488,2903,131.29,provider_claimed|operator_pending_review|birdeye|birdeye_enriched_winrate,birdeye_gainers_losers
9NLkzNtUokTD4C5mET8Jso6qeqdPhDRFytVTCACw62ts,solana,66458.22,66795.52,-337.3,0.2669,1017,188.34,provider_claimed|operator_pending_review|birdeye|birdeye_enriched_winrate,birdeye_gainers_losers
HHaG7Ti2bfiE9DkB7EHnGoAmALEuTgJycL3uuMrU7EG8,solana,66498.2,66567.81,-69.62,0.2646,907,200.46,provider_claimed|operator_pending_review|birdeye|birdeye_enriched_winrate,birdeye_gainers_losers
79waXt24ftWGKeZCr4PuXUWs9rWmLrss89pufoYGjH7r,solana,80781.32,66439.42,14341.9,0.2222,152,807.83,provider_claimed|operator_pending_review|birdeye|birdeye_enriched_winrate,birdeye_gainers_losers
BT9PhhxAYF8XUhHZUACDAgwLpe7PDCaLAEtF9J2wzNwd,solana,66333.59,66408.86,-75.27,0.5822,4454,245.4,provider_claimed|operator_pending_review|birdeye|birdeye_enriched_winrate,birdeye_gainers_losers
AGc3Dk8wKkFAkoX48jFXK9ViHHqfHKHbifZ4iSMv7Yge,solana,86300.34,66345.07,19955.27,0.1111,264,1509.2,provider_claimed|operator_pending_review|birdeye|birdeye_enriched_winrate,birdeye_gainers_losers
AK3xvfDFtVGqhnyc6f9FMbk2CmcdJXPdPcaHteX7gs3F,solana,66289.66,66289.66,0,0.9821,1031,259.8,provider_claimed|operator_pending_review|birdeye|birdeye_enriched_winrate,birdeye_gainers_losers
C2uGdFCLFnMpqAtSfzXcc1HQRu1VuNJX4bFZ1he8PNUW,solana,237385.55,66192.77,171192.78,0.0588,147,1124.75,provider_claimed|operator_pending_review|birdeye|birdeye_enriched_winrate,birdeye_gainers_losers
C1on5JABbJPnMDUUEYJBDQ88z3D6xpVQoeBDAWX4jT2N,solana,65734.86,66130.04,-395.19,0.2396,735,1729.55,provider_claimed|operator_pending_review|birdeye|birdeye_enriched_winrate,birdeye_gainers_losers
EiS6a9hjFNZPPXqXaUd8pGnL3ZBnHs8uNKibVRWhBeT6,solana,-29711.31,65535.77,-95247.07,0.5,398,3939.54,provider_claimed|operator_pending_review|birdeye|birdeye_enriched_winrate,birdeye_gainers_losers
DqTG8k1SSuXUnbLLr17pvPK8iKwjaARqqeRSsPmeNgeU,solana,64538.24,65215.5,-677.26,0.6778,2199,218.95,provider_claimed|operator_pending_review|birdeye|birdeye_enriched_winrate,birdeye_gainers_losers
637eC5YrLNo2FR9x61or9woc7fQuTrwponuTBmmdrpnC,solana,432156.57,65134.85,367021.72,0,142,5752.68,provider_claimed|operator_pending_review|birdeye|birdeye_enriched_winrate,birdeye_gainers_losers
APTiNxN8b66Jfi9gUafihRHGoL4eDiAtkwYJy8G6y37v,solana,64973.7,65134.78,-161.08,0.2095,421,285.99,provider_claimed|operator_pending_review|birdeye|birdeye_enriched_winrate,birdeye_gainers_losers
7kGAXsa7n1qN2FuNoJAGmzebmN9KqqLAHcwj7gvoekKk,solana,66884.94,64948.2,1936.73,0.6747,3205,181.64,provider_claimed|operator_pending_review|birdeye|birdeye_enriched_winrate,birdeye_gainers_losers
2XH9cxvCLT9G3PAmWPGkFdyg3uPvsMtHM1LYWafrvAhw,solana,64869.24,64869.24,0,0,140,489,provider_claimed|operator_pending_review|birdeye|birdeye_enriched_winrate,birdeye_gainers_losers
9z8xVg3nXCqERZ8e8qncmGrQ4S7LY9yFgc4PCnX9Y25Z,solana,64751.46,64751.46,0,0,110,684.36,provider_claimed|operator_pending_review|birdeye|birdeye_enriched_winrate,birdeye_gainers_losers
7Zm84wEQT1DmsJ726p6TiYrTcWzSkhWbT33P9mbr8xHG,solana,64414.09,64414.09,0,0.1429,105,761.79,provider_claimed|operator_pending_review|birdeye|birdeye_enriched_winrate,birdeye_gainers_losers
2qW5LsgAGnCnyfVvzhwBQBfLsQ6hz3o2uaB29U3CSHBy,solana,61850.12,64197.02,-2346.9,0.7577,1950,193.38,provider_claimed|operator_pending_review|birdeye|birdeye_enriched_winrate,birdeye_gainers_losers
5dUXg97Ltrjid2KVTQAb6p6PVZXBneHcgV1Z8A9xzKgg,solana,125951.56,63944.27,62007.29,0.2727,412,704.96,provider_claimed|operator_pending_review|birdeye|birdeye_enriched_winrate,birdeye_gainers_losers
Cxa3PFpRK95qU6JU8Zfo387qxXsCNq2DX4qHtZZ4w4sj,solana,63280.84,63318.04,-37.21,0.3333,307,564.38,provider_claimed|operator_pending_review|birdeye|birdeye_enriched_winrate,birdeye_gainers_losers
J6TDXvarvpBdPXTaTU8eJbtso1PUCYKGkVtMKUUY8iEa,solana,78691.53,63311.88,15379.65,0.3788,1466,615.52,provider_claimed|operator_pending_review|birdeye|birdeye_enriched_winrate,birdeye_gainers_losers
EwygHR1zrHiKURiK9PRoFGvDNFZitP57T5HkzGXa3t8e,solana,49896.09,62371.8,-12475.71,0,221,673.18,provider_claimed|operator_pending_review|birdeye|birdeye_enriched_winrate,birdeye_gainers_losers
qVrq2ZnqP1UW1vU851ARSuwfMGmQP4ywpNYTrxwin1V,solana,62311.92,62311.87,0.05,0.2,153,2120.62,provider_claimed|operator_pending_review|birdeye|birdeye_enriched_winrate,birdeye_gainers_losers
6fN9qAzHoS8edLrzz9oTDaLBNviGDPvmWZLukS137g44,solana,72550.83,61967.79,10583.05,0.2581,436,394.28,provider_claimed|operator_pending_review|birdeye|birdeye_enriched_winrate,birdeye_gainers_losers
B573cwt3x6SYNbkazG8KSPPCEPRo5t2Lv12YxVNMHPhe,solana,61903.98,61903.98,0,0,34,1896.28,provider_claimed|operator_pending_review|birdeye|birdeye_enriched_winrate,birdeye_gainers_losers
4GLm1M7nhwZCo7A88jdDZoWfKvN3KAyRDMpAnHUhQjWF,solana,61006.43,61114.77,-108.34,0.2,184,1100.23,provider_claimed|operator_pending_review|birdeye|birdeye_enriched_winrate,birdeye_gainers_losers
6BaekScZEyMFcaxjqkvMZUUZ8VQTb2VjKUMJh7rkbRvw,solana,61076.98,61048.61,28.37,0.2353,202,1108.91,provider_claimed|operator_pending_review|birdeye|birdeye_enriched_winrate,birdeye_gainers_losers
4BHBSZA96XCaepYLvmteV6wLqKTqJPyfkME941X5PqHP,solana,60578.85,60893.1,-314.25,0.7089,2925,136.02,provider_claimed|operator_pending_review|birdeye|birdeye_enriched_winrate,birdeye_gainers_losers
HfN9JFxwS89fERT8of2dt1it6G3P2ia5sJc5J8GkwU5k,solana,64058.09,60782.59,3275.5,0.4289,1733,270.29,provider_claimed|operator_pending_review|birdeye|birdeye_enriched_winrate,birdeye_gainers_losers
719s5Li9g5e7baFpcPc4Fzav1MiJmiyfKqFaUEdcJowk,solana,60556.06,60556.06,0,0,154,408.96,provider_claimed|operator_pending_review|birdeye|birdeye_enriched_winrate,birdeye_gainers_losers
8NkyECma1ii8yt8uFBBTjY4VYh5F8EUg2N73eX75Ceqd,solana,60276.12,60304.98,-28.86,0,356,494.52,provider_claimed|operator_pending_review|birdeye|birdeye_enriched_winrate,birdeye_gainers_losers
8DFmyfqWLsCq5uss3W1c66q78spFBDwZagMdi93YEcAa,solana,100621.56,60196.4,40425.16,0,31,2206.91,provider_claimed|operator_pending_review|birdeye|birdeye_enriched_winrate,birdeye_gainers_losers
5kQ6VBcZNSkcknYuSVjtG1DP2DJ8eQvnE2hfd4vvjkqH,solana,48484.08,60171.74,-11687.66,0.25,433,4086.71,provider_claimed|operator_pending_review|birdeye|birdeye_enriched_winrate,birdeye_gainers_losers
9fpX1aM6NeEjv6MvEaeB95WEnSnFnTUsSAQhT95Um1qj,solana,45629.48,59973.1,-14343.62,0,1476,155.44,provider_claimed|operator_pending_review|birdeye|birdeye_enriched_winrate,birdeye_gainers_losers
FPHmBJw7CQVtdBRJF7V9nNGtMauVm51WoWqoqAAhjxH,solana,76124.74,59784.59,16340.14,0,253,1938.2,provider_claimed|operator_pending_review|birdeye|birdeye_enriched_winrate,birdeye_gainers_losers
7ofq8JdArij948NEj1NSe7vTGbu8R1qdofGNGJKVQT9W,solana,59643.09,59643.09,0,0.3333,81,10680.95,provider_claimed|operator_pending_review|birdeye|birdeye_enriched_winrate,birdeye_gainers_losers
CWdu2H72kCNHLvTbCdagMfTizJiJ3iRwHLRadA2yDUBc,solana,59320.99,59320.99,0,0.7536,331,649.6,provider_claimed|operator_pending_review|birdeye|birdeye_enriched_winrate,birdeye_gainers_losers
HR4d3W4zb8bvDCKtcDdWVJxnLZLt1SSdNLcXjXW7UGbP,solana,54976.73,59142.42,-4165.7,0.3333,150,1370.51,provider_claimed|operator_pending_review|birdeye|birdeye_enriched_winrate,birdeye_gainers_losers
4iAgBfHYmTnZ3qRPwrUUypMc5bmyFt3F4XpJiBKJRgfa,solana,58938.76,58938.76,0,0,147,417.47,provider_claimed|operator_pending_review|birdeye|birdeye_enriched_winrate,birdeye_gainers_losers
AufH68UFBGSVVRL9D7u5W6NySCrukL4fWfSRTxDcJC6u,solana,132046.82,58708.05,73338.77,0.9778,1480,229.13,provider_claimed|operator_pending_review|birdeye|birdeye_enriched_winrate,birdeye_gainers_losers
EBDnuHKpdTUk7GcezXUXFpq3EFZPKWVQ2FuJLe6kjhRZ,solana,106783.53,58561.3,48222.23,0.2143,291,828.6,provider_claimed|operator_pending_review|birdeye|birdeye_enriched_winrate,birdeye_gainers_losers
2oYNaFL8ZAy8kKKEBZ6uHY2aCMdujk7LG7ggX2Fm3zBa,solana,39097.64,58457.68,-19360.04,0.3623,2214,380.71,provider_claimed|operator_pending_review|birdeye|birdeye_enriched_winrate,birdeye_gainers_losers
AoZ74CzdUHekKGsmLkaLnJjjkjgZsS57HXXyvUT8rMrE,solana,57334.27,58353.32,-1019.05,0.368,4311,112.08,provider_claimed|operator_pending_review|birdeye|birdeye_enriched_winrate,birdeye_gainers_losers
7LMi337gMgHTpWfBgenCBmhAPd7yaaqEXAxF8t8VaRvH,solana,58161.26,58161.26,0,0.1538,89,662.33,provider_claimed|operator_pending_review|birdeye|birdeye_enriched_winrate,birdeye_gainers_losers
ArqJyL33EXQbyp9AeFzAe35M6EKmYCTmLQEbpj1ysxVz,solana,57905.89,58125.37,-219.48,0.2353,380,7151.98,provider_claimed|operator_pending_review|birdeye|birdeye_enriched_winrate,birdeye_gainers_losers
Gb1tPJZNMCGrbpEMvKTbENswQht36RjMVvfYakM5NBLb,solana,58100.43,58100.43,0,0.9763,2343,144.66,provider_claimed|operator_pending_review|birdeye|birdeye_enriched_winrate,birdeye_gainers_losers
26MvfZCuFynXNfst3WyYCfC9mwYSAJwPqDMFxDaiZZ7W,solana,57797.61,57854.53,-56.92,0.2721,481,240.75,provider_claimed|operator_pending_review|birdeye|birdeye_enriched_winrate,birdeye_gainers_losers
GvcH5eKNd5ZbUaaCT8tL5jDPyGXWyC2GWrsLsNJrfxLg,solana,55959.92,57691.84,-1731.92,0.4545,324,1176.01,provider_claimed|operator_pending_review|birdeye|birdeye_enriched_winrate,birdeye_gainers_losers
2p2mgFLmzN82sShZeAaBGmj9zFpam4xu8g4g3wqx2ks6,solana,57304.76,57512.41,-207.66,0.4569,2943,195.25,provider_claimed|operator_pending_review|birdeye|birdeye_enriched_winrate,birdeye_gainers_losers
19Hp8CyZVD3Ko9BVxm3HFyrSwrYYtisW48pPnEg6gES,solana,-23683.39,57440.25,-81123.64,0,447,4238.32,provider_claimed|operator_pending_review|birdeye|birdeye_enriched_winrate,birdeye_gainers_losers
J8wV1RpoB2H7ShnHQNNuvHxfMrh4cjRZnakDTZjsp4FA,solana,50930.99,57331.89,-6400.9,0.3631,695,215.7,provider_claimed|operator_pending_review|birdeye|birdeye_enriched_winrate,birdeye_gainers_losers
Ay4Kcp6UKi87WZMvkTvYK9WmgGYm5Rc11N8mLqCrD5Tx,solana,-205637.17,57051.65,-262688.82,0,203,1732.96,provider_claimed|operator_pending_review|birdeye|birdeye_enriched_winrate,birdeye_gainers_losers
7FPPD3ddrjPfhRJ7Ktf97c6DDyFVAcbc4Ws9AjH6yXK6,solana,62026.08,56919.78,5106.3,0.2891,2424,329.49,provider_claimed|operator_pending_review|birdeye|birdeye_enriched_winrate,birdeye_gainers_losers
FYJstSeNkbmmp6R4tVpQkSxxPZjBaL3r3gwe6qoALBhM,solana,56862.5,56862.5,0,0,161,369.61,provider_claimed|operator_pending_review|birdeye|birdeye_enriched_winrate,birdeye_gainers_losers
9pzxJMzDHgUuJmgs5Qnwuju5nRTd3MjSBjyuZry7dkdi,solana,54465.23,56829.52,-2364.29,0.5978,686,350,provider_claimed|operator_pending_review|birdeye|birdeye_enriched_winrate,birdeye_gainers_losers
AMEd7bE5CYSEpVpQZK8r5rKMJZrhAdg6bnaJ7qum2ssV,solana,49119.31,56813.8,-7694.5,0.6575,3310,129.18,provider_claimed|operator_pending_review|birdeye|birdeye_enriched_winrate,birdeye_gainers_losers
8uzqxKjA2BxhMKrqEm1Eu9BkGH8niDXdxCkJJwHpJNvp,solana,56409.95,56409.95,0,0.5,111,665.4,provider_claimed|operator_pending_review|birdeye|birdeye_enriched_winrate,birdeye_gainers_losers
Gw6PtohyW6rN5FawUSvmfsr74qAweCuQgpxmhDcPKNX,solana,56339.9,56339.9,0,0.8085,816,156.4,provider_claimed|operator_pending_review|birdeye|birdeye_enriched_winrate,birdeye_gainers_losers
CMo89ymd9nFdVovcn22CSmrsj9mCSNSNMjs8jWysJKZt,solana,42918.83,56320.64,-13401.81,0.3664,1693,592.16,provider_claimed|operator_pending_review|birdeye|birdeye_enriched_winrate,birdeye_gainers_losers
4xP2DwRx5yEibFKZ9sRuf14SXanLPXMuAy4y35xCJPS,solana,50857.97,56304.56,-5446.6,0.2767,1903,528.21,provider_claimed|operator_pending_review|birdeye|birdeye_enriched_winrate,birdeye_gainers_losers
3GTxsoGgd6CVZFTXmtcC84djzUA1f4w9hXjY5ez6Mfcg,solana,-50866.87,56301.97,-107168.84,0,561,4793.93,provider_claimed|operator_pending_review|birdeye|birdeye_enriched_winrate,birdeye_gainers_losers
FRa5xvWrvgYBHEukozdhJPCJRuJZcTn2WKj2u6L75Rmj,solana,66195.03,56075.18,10119.85,0.3077,174,1237.84,provider_claimed|operator_pending_review|birdeye|birdeye_enriched_winrate,birdeye_gainers_losers
A4HmLvVQHWH98RuPB9FpapiEssEPdjatmnk9EdMQKkMX,solana,-225973.76,56003,-281976.77,0,33,10289.71,provider_claimed|operator_pending_review|birdeye|birdeye_enriched_winrate,birdeye_gainers_losers
GunE1qjtnATwbLJ7bBBddB39ZdpiMtDULrEXavyHDYfL,solana,53363.45,55871.51,-2508.06,0.5604,686,359.44,provider_claimed|operator_pending_review|birdeye|birdeye_enriched_winrate,birdeye_gainers_losers
FD9vsDyzM6dHR1FANMdSuZCGSdvy7Fka7f9Cby1urUs2,solana,97452.8,55790.89,41661.91,0.1525,2091,632.97,provider_claimed|operator_pending_review|birdeye|birdeye_enriched_winrate,birdeye_gainers_losers
7P3pKwt7diKrixNGot3TSfz2SdCm9kPPsMWwpkK1vDgc,solana,-3673.17,55634.55,-59307.72,0,185,4385.49,provider_claimed|operator_pending_review|birdeye|birdeye_enriched_winrate,birdeye_gainers_losers
7iEw3WATG4yT1doH9MgCSWvh9oXSeF4xXJYDUTx1hRE8,solana,55013.68,55566.5,-552.82,0.5,44,1798.93,provider_claimed|operator_pending_review|birdeye|birdeye_enriched_winrate,birdeye_gainers_losers
BrXVEskQZFNQrSUTXSRBTCeY3XQAJkLdqTcaZ4gReY7K,solana,53037.63,55548.5,-2510.87,0,122,692.97,provider_claimed|operator_pending_review|birdeye|birdeye_enriched_winrate,birdeye_gainers_losers
3B27Aa5eqYXtbyq8JR5jGnR1G7yNeMSagTCDz9999999,solana,55389.35,55390.22,-0.86,0.5581,193,1069.29,provider_claimed|operator_pending_review|birdeye|birdeye_enriched_winrate,birdeye_gainers_losers
6sNepV429Yy7PbkqxfFdP6bNgrZJNMVkZC4wQoA4nqnn,solana,55300.85,55300.85,0,0,106,552.93,provider_claimed|operator_pending_review|birdeye|birdeye_enriched_winrate,birdeye_gainers_losers
6j7wwnD4fUq8Daf6XDdpwyisHnELyPRS99aDR7auPez1,solana,55145.16,55179.61,-34.44,0,149,384.85,provider_claimed|operator_pending_review|birdeye|birdeye_enriched_winrate,birdeye_gainers_losers
GFHMc9BegxJXLdHJrABxNVoPRdnmVxXiNeoUCEpgXVHw,solana,55135.77,55135.77,0,0.0517,314,101288.27,provider_claimed|operator_pending_review|birdeye|birdeye_enriched_winrate,birdeye_gainers_losers
9u8ZqqajftozRXTr81dNK5C6AQ4WW8rLek9SzigvX5QW,solana,55232.79,55078.72,154.06,0.5,114,646.42,provider_claimed|operator_pending_review|birdeye|birdeye_enriched_winrate,birdeye_gainers_losers
48wDN3UKCkJ2JRZG8Xx1kxWsvRXT2JQzEyULhRicJL1n,solana,55069.26,55069.26,0,0.5,160,23178.08,provider_claimed|operator_pending_review|birdeye|birdeye_enriched_winrate,birdeye_gainers_losers
BmuB53pxTfSG49iYENgHYudt76MJC4GEgz6sGT17qdGi,solana,54223.7,54891.56,-667.86,0.3333,242,1882.43,provider_claimed|operator_pending_review|birdeye|birdeye_enriched_winrate,birdeye_gainers_losers
922KqpyfTRVVU1DZK9FHYEcPkqKP3nZLMHr8VQ4qJhPM,solana,347744.85,54744.2,293000.65,0.3529,771,701.13,provider_claimed|operator_pending_review|birdeye|birdeye_enriched_winrate,birdeye_gainers_losers
5J7tLwng6D85nUgAvEevoLDfZh7xdgH4sK3jNxGk3GM9,solana,48151.83,54668.29,-6516.46,0.2,134,2137.05,provider_claimed|operator_pending_review|birdeye|birdeye_enriched_winrate,birdeye_gainers_losers
4dKn5zpid9CyTnrJpcFM9uZ8usCdDe3Xm58bnXp2Pps6,solana,57874.04,54027.16,3846.88,0.2,436,4865.41,provider_claimed|operator_pending_review|birdeye|birdeye_enriched_winrate,birdeye_gainers_losers
6TbDFs2dkHETrRWVbheiC11bwg7EWLDgszsCADF1ML1b,solana,53228.46,54005.95,-777.48,0.4586,3625,294.29,provider_claimed|operator_pending_review|birdeye|birdeye_enriched_winrate,birdeye_gainers_losers
55q2cwzepgxR6k6iKyGV4iLYDpRaUGEscAjrEgXa3g3w,solana,53935.61,53959.1,-23.49,0,231,392.94,provider_claimed|operator_pending_review|birdeye|birdeye_enriched_winrate,birdeye_gainers_losers
AuNLPFYRebPimRGq34LjtJAbwKj1sCXGhkA5EjnoptQ1,solana,84199.03,53903.26,30295.77,0,30,5450.1,provider_claimed|operator_pending_review|birdeye|birdeye_enriched_winrate,birdeye_gainers_losers
EvdJRftBq9gDKsKodLxHeNiLC7RpTaod86mY3KJMMJdF,solana,53432.36,53857.82,-425.46,0.9662,1621,199.84,provider_claimed|operator_pending_review|birdeye|birdeye_enriched_winrate,birdeye_gainers_losers
XXXX5JNGhjPpQEsqcFChLtzv4V1HWyqUaW8tEwyjBfW,solana,53724.51,53806.33,-81.82,0.9867,807,243.97,provider_claimed|operator_pending_review|birdeye|birdeye_enriched_winrate,birdeye_gainers_losers
GuEFvJidK7zk2mCKbM1XTcX8NCqrMQR7YthHnsUPsBih,solana,53237.05,53363.76,-126.71,0.6745,953,141.62,provider_claimed|operator_pending_review|birdeye|birdeye_enriched_winrate,birdeye_gainers_losers
Cgzh4dFxrsd4GTy5vV7Zesvid2VZMjkzUZZkGa85mBSP,solana,53290.77,53290.77,0,0,148,430.72,provider_claimed|operator_pending_review|birdeye|birdeye_enriched_winrate,birdeye_gainers_losers
Hr279dFU4DhQzJ6s8T19WupkcqZmDeeRZedj2qUBCYTP,solana,22580.11,53272.71,-30692.6,0,1196,298.01,provider_claimed|operator_pending_review|birdeye|birdeye_enriched_winrate,birdeye_gainers_losers
4WR1mPhFeK8dXQgNyedP4fiwA462LWV6FkAaWg7pYJPH,solana,53098.78,53100.54,-1.75,0,148,366.82,provider_claimed|operator_pending_review|birdeye|birdeye_enriched_winrate,birdeye_gainers_losers
C4YzYTgtctEqWacLU9xQvsYet1XmC5dxhhe4a8hjNRBs,solana,66178.73,53000.28,13178.46,0.2267,347,381.06,provider_claimed|operator_pending_review|birdeye|birdeye_enriched_winrate,birdeye_gainers_losers
EAgT96sjLEnUqwKQt38K27rsY2ZhdqW4urXfLWuEYzk1,solana,48400.86,52861.27,-4460.41,0.5714,118,934.49,provider_claimed|operator_pending_review|birdeye|birdeye_enriched_winrate,birdeye_gainers_losers
GUbLCzNrUEocCmpnjyoeaPjgGG5cHiTgLGs7Y2Vi78K7,solana,52827.86,52827.86,0,0,134,412.29,provider_claimed|operator_pending_review|birdeye|birdeye_enriched_winrate,birdeye_gainers_losers
8BDT8Jebp6Roda8QsALo7FQiZA5xq26HwS568qsrLFPQ,solana,54753.94,52683.61,2070.33,0.3,244,1220.39,provider_claimed|operator_pending_review|birdeye|birdeye_enriched_winrate,birdeye_gainers_losers
FK3fun8cdvMzQrSQ2UMJx8intj9WfpfXaLn5kYhZNikn,solana,52417.03,52596.75,-179.72,0.265,416,246.62,provider_claimed|operator_pending_review|birdeye|birdeye_enriched_winrate,birdeye_gainers_losers
9WSuvtycKW1Z948TymNrJtHriprySXPZqFABk8x76Um3,solana,54074.93,52367.7,1707.23,0.2727,698,243.06,provider_claimed|operator_pending_review|birdeye|birdeye_enriched_winrate,birdeye_gainers_losers
BTPbcMK7WYgTVYCJXPVQnWoGKH7ALFmLC3rZhKaA7Cqb,solana,498106.23,52336.64,445769.59,0.2727,166,2145.8,provider_claimed|operator_pending_review|birdeye|birdeye_enriched_winrate,birdeye_gainers_losers
CVkYLc3S18vvrDyi9s3958WgsKx8yhWMcHz1JX6X6ch5,solana,50411.83,52048.16,-1636.33,0,156,714.01,provider_claimed|operator_pending_review|birdeye|birdeye_enriched_winrate,birdeye_gainers_losers
FCUPh2jMpii3kPmLmSEiLDuaBG78uiU6AndovkgBYhm9,solana,-8236.53,51989.23,-60225.75,0.6188,2453,413.33,provider_claimed|operator_pending_review|birdeye|birdeye_enriched_winrate,birdeye_gainers_losers
9PDE6gTZVYtWXGVBqouJHFT99MbsqZQQup2JM7Ex4da,solana,-79172.94,51818.26,-130991.19,0,375,599.24,provider_claimed|operator_pending_review|birdeye|birdeye_enriched_winrate,birdeye_gainers_losers
BtvhfJHEKyoBL6WGYfzTDsP3zAHaBvD3U3qLGWuC8Vav,solana,-1721.82,51787.74,-53509.56,0.625,668,4176.5,provider_claimed|operator_pending_review|birdeye|birdeye_enriched_winrate,birdeye_gainers_losers
7Z9WSRgryzfhPgLetxnJVfjLr2Q5ARgYDME9XM2x9Qng,solana,51782.61,51782.61,0,0.5714,35,2062.55,provider_claimed|operator_pending_review|birdeye|birdeye_enriched_winrate,birdeye_gainers_losers
DRY2uEb6niBnbyN9kUv3HMiDAZKZ4jhjbJDLJv5jna47,solana,51441.28,51553.09,-111.82,0.9245,1535,190.81,provider_claimed|operator_pending_review|birdeye|birdeye_enriched_winrate,birdeye_gainers_losers
3zxXEq7k7dV1trkaHBbMPdVU7RTSSyCh17ckow8w8esA,solana,50344,51495.51,-1151.51,0.7431,2955,158.82,provider_claimed|operator_pending_review|birdeye|birdeye_enriched_winrate,birdeye_gainers_losers
7J2LvG3oYXJ69bSguknPHsgq422JEVYgLrtzjkUxBANe,solana,45991.44,51441.19,-5449.75,0.3158,407,517.71,provider_claimed|operator_pending_review|birdeye|birdeye_enriched_winrate,birdeye_gainers_losers
5FJ2ScxqC2aaMoL88618dMRbP7H4yWcLB4KxM8y28Z6M,solana,51427.87,51427.52,0.35,0.4,71,733.64,provider_claimed|operator_pending_review|birdeye|birdeye_enriched_winrate,birdeye_gainers_losers
8qwDv27tCCDoW9Xpy4XZZBRFnwSLF34UdShZ39cyr6TR,solana,-96697.01,51407.41,-148104.42,0,552,4111.19,provider_claimed|operator_pending_review|birdeye|birdeye_enriched_winrate,birdeye_gainers_losers
48A7annBjwJhwnXmXsesapX1STPusHEjaRhhpjtsXPJk,solana,39147.76,51286.49,-12138.73,0,771,190.83,provider_claimed|operator_pending_review|birdeye|birdeye_enriched_winrate,birdeye_gainers_losers
iGiyBNJ9eKcPfBLaoVCEMx3WCyrnUT1SfKZL2DYifcL,solana,40513.64,51159.42,-10645.78,0.8378,1056,146.57,provider_claimed|operator_pending_review|birdeye|birdeye_enriched_winrate,birdeye_gainers_losers
CdM8ct7jPvtb8Z7kuvhkava4dYTTRjWAK1dDYbhpzrsN,solana,-17809.82,51005.28,-68815.1,0,149,4309.1,provider_claimed|operator_pending_review|birdeye|birdeye_enriched_winrate,birdeye_gainers_losers
9KRowET7yHkzsB4EuCy9UwQUyjUViCPndmfEMbsGcnrk,solana,49747.2,50973.39,-1226.19,0.8398,913,305.88,provider_claimed|operator_pending_review|birdeye|birdeye_enriched_winrate,birdeye_gainers_losers
GQywgTceGXUpX4QeBbuf5FvDpirRjMo7WM1zwLWTJRFb,solana,160278.59,50781.81,109496.78,0.0667,69,865.15,provider_claimed|operator_pending_review|birdeye|birdeye_enriched_winrate,birdeye_gainers_losers
C56ezEp4vXw6Cvpg6Bz61G8o9aK1z88C4BossoV8Nrbh,solana,50677.27,50677.27,0,0.1429,55,1085.66,provider_claimed|operator_pending_review|birdeye|birdeye_enriched_winrate,birdeye_gainers_losers
75GMVrr2xfgAeybuNg1VMHqFE3GTFJLzEHo6xC4MwUzF,solana,46395.31,50550.55,-4155.24,0.9398,1968,155.91,provider_claimed|operator_pending_review|birdeye|birdeye_enriched_winrate,birdeye_gainers_losers
AZAYfZ5Atc6nvvBKJ8KMnw3A1x2yebBsyC4wx84YMzs,solana,38163.24,50549.45,-12386.21,0.7143,198,7949.01,provider_claimed|operator_pending_review|birdeye|birdeye_enriched_winrate,birdeye_gainers_losers
FoGhaRbwStf3D5tpGwXS2nhx2TdRTKBboDBovnmNJC1p,solana,24932.35,50547.06,-25614.71,0.0714,854,1721.18,provider_claimed|operator_pending_review|birdeye|birdeye_enriched_winrate,birdeye_gainers_losers
A2HSat7V5MU8Daf3ExpSWGyYwDo699ujAFZ7bHA6ySKP,solana,28654.8,50527.31,-21872.51,0.1806,442,778.71,provider_claimed|operator_pending_review|birdeye|birdeye_enriched_winrate,birdeye_gainers_losers
EPKU6sxtDRuhcLuR5dZgULvXoizXgUBsBFF3bpxMc5nb,solana,50098.69,50435.7,-337.01,0.2448,842,192.7,provider_claimed|operator_pending_review|birdeye|birdeye_enriched_winrate,birdeye_gainers_losers
ChHLuMTdwcv2oUKfoWzxotDs9q6881xnR8uGwUAqBQVE,solana,47584.26,50124.13,-2539.87,0.5,2023,172.52,provider_claimed|operator_pending_review|birdeye|birdeye_enriched_winrate,birdeye_gainers_losers
9UUyxTXZByLMjbCk5jLBejvPS5bcUA37yXdxwhabdxjT,solana,93368.46,50057.1,43311.36,0.1579,361,2489.04,provider_claimed|operator_pending_review|birdeye|birdeye_enriched_winrate,birdeye_gainers_losers
Bmi9zf27MNN5pjCtyv2Y15TDQoYgcbcmPTxvEoQ6UwWs,solana,55765.64,49898.89,5866.75,0.0741,591,298.72,provider_claimed|operator_pending_review|birdeye|birdeye_enriched_winrate,birdeye_gainers_losers
BphLTDUQPLUrbrePpjgBbb6SxvbFSdqQ9KoMhH1jSa4d,solana,51658.86,49801.93,1856.94,0.5582,1284,84.94,provider_claimed|operator_pending_review|birdeye|birdeye_enriched_winrate,birdeye_gainers_losers
Bkty8JLTFxFoWMZkZa9PteMUoMAnyz1vLxHBwhTikpiM,solana,49381.28,49381.28,0,0,121,570.29,provider_claimed|operator_pending_review|birdeye|birdeye_enriched_winrate,birdeye_gainers_losers
3aYyLiEb9EeYyL53ZDsdXfxQnDfHpTJVeaGuECawJsos,solana,49237.76,49237.76,0,0.3333,246,273.9,provider_claimed|operator_pending_review|birdeye|birdeye_enriched_winrate,birdeye_gainers_losers
3HGz1fFm5ak6qpjhz4iE8TDLa4KMfypQBqnqykSzfKWt,solana,31250.88,49218.83,-17967.95,0,891,150.08,provider_claimed|operator_pending_review|birdeye|birdeye_enriched_winrate,birdeye_gainers_losers
9g7TscgkUbqu7fJNNq43BVUP6zp21AzET77YKLbS6as9,solana,34525.86,49124.9,-14599.04,0.1524,1256,1043.52,provider_claimed|operator_pending_review|birdeye|birdeye_enriched_winrate,birdeye_gainers_losers
A7hhzP7WiNVJ4egGeLvBgdsio3rps7Te7Lqpfnij4J7g,solana,49003.54,49071.43,-67.89,0,162,335.81,provider_claimed|operator_pending_review|birdeye|birdeye_enriched_winrate,birdeye_gainers_losers
GHNhfHz9GcZVDehSradrUitpLvpCcdGQ7rnnVuN2CrkZ,solana,48966.1,48966.1,0,0.25,154,2618.88,provider_claimed|operator_pending_review|birdeye|birdeye_enriched_winrate,birdeye_gainers_losers
AyXpGVGGGRxiM8MeCwDgMmh6C82fF4qusBvJPxDBE4CV,solana,85098.24,48794.93,36303.3,0.34,387,932.46,provider_claimed|operator_pending_review|birdeye|birdeye_enriched_winrate,birdeye_gainers_losers
FciWQ5qfCFcdtqRUh9kvzbWr1WfuXAJgzh6FrmRxxVLz,solana,47992,48618.37,-626.38,0.8161,1682,264.66,provider_claimed|operator_pending_review|birdeye|birdeye_enriched_winrate,birdeye_gainers_losers
FzTwBnkXyyL59mhYUaCD3EjBb79CBSmwMo8Xwt4sRwSr,solana,40147.08,48375.54,-8228.46,0.127,1065,658.87,provider_claimed|operator_pending_review|birdeye|birdeye_enriched_winrate,birdeye_gainers_losers
Fs2pcm9untUu647TA21EmqHRin8MGdcfxTefaTime3Ct,solana,48263.8,48263.8,0,0.3333,89,882.28,provider_claimed|operator_pending_review|birdeye|birdeye_enriched_winrate,birdeye_gainers_losers
8wTSecyFE3SniSFSzJvoKmW3JdXkJLuZbxuiM7XLu5W6,solana,42037.41,48218.18,-6180.77,0.3392,2953,348.64,provider_claimed|operator_pending_review|birdeye|birdeye_enriched_winrate,birdeye_gainers_losers
Ez2t5ZPDsDUUZWKtwkh7CJwwcqHZnhzMdqHWRESK4xh,solana,31329.59,47964.78,-16635.19,0,512,1032.83,provider_claimed|operator_pending_review|birdeye|birdeye_enriched_winrate,birdeye_gainers_losers
8YVxVRwwNrJhxKBL6r48qsCfWadz74pS536qUREAua6h,solana,48580.58,47963.3,617.28,0.3158,55,1413.47,provider_claimed|operator_pending_review|birdeye|birdeye_enriched_winrate,birdeye_gainers_losers
GJ59JN2eoRNBJv9fcSNSJUAnuKfQnVo3GRBueGiopNUu,solana,-42702.22,47745.1,-90447.31,0.3333,401,3565.18,provider_claimed|operator_pending_review|birdeye|birdeye_enriched_winrate,birdeye_gainers_losers
5xz6y2VKyAzCwJ3dBdCVQSPoWq3pDff27757U4GqLsBK,solana,47644.43,47644.43,0,0,124,403.59,provider_claimed|operator_pending_review|birdeye|birdeye_enriched_winrate,birdeye_gainers_losers
Hw5UKBU5k3YudnGwaykj5E8cYUidNMPuEewRRar5Xoc7,solana,27069.52,47600.35,-20530.83,0.5677,2116,223.34,provider_claimed|operator_pending_review|birdeye|birdeye_enriched_winrate,birdeye_gainers_losers
EndJzwh6H2GwrKsc5JQ1tJoKbQDA1TywFvwdMPwJELSQ,solana,47251.03,47390.97,-139.94,0.9701,1155,208.74,provider_claimed|operator_pending_review|birdeye|birdeye_enriched_winrate,birdeye_gainers_losers
ASMsN2FHWVhLZo2Z3Cr9q3rrnfiCErALF9vXaZeZ4mUw,solana,47208.93,47208.93,0,0.9765,804,206.69,provider_claimed|operator_pending_review|birdeye|birdeye_enriched_winrate,birdeye_gainers_losers
DqeVuNmymZEqzNQmFUvMGAL6xaB49TN7yCmx3h3FpYaK,solana,47028.5,47130.38,-101.88,0.8655,2649,159.75,provider_claimed|operator_pending_review|birdeye|birdeye_enriched_winrate,birdeye_gainers_losers
2ErfaAgC5J8ze4NoJJ4Cym951VNkmMUncEpjGqNP4EeC,solana,46896.76,46896.77,-0.01,0.5625,85,1040.69,provider_claimed|operator_pending_review|birdeye|birdeye_enriched_winrate,birdeye_gainers_losers
E53zwpUMxiSHTy2L4SuwBLbcQW9LSD8gtByGCBRn47JV,solana,38157.74,46836.8,-8679.06,0,1789,137.7,provider_claimed|operator_pending_review|birdeye|birdeye_enriched_winrate,birdeye_gainers_losers
CjZgBhLyJnzTWRzZs532Zf3ggnNoAGp4PHZBXYbjzy9W,solana,-42656.78,46533.05,-89189.84,0.6667,569,966.77,provider_claimed|operator_pending_review|birdeye|birdeye_enriched_winrate,birdeye_gainers_losers
HHjW2mQF6gVsEfSRqowfz5kFXKfxU7E3cpaVj8C1HBJK,solana,42376.09,46522.18,-4146.09,0,50,1875.23,provider_claimed|operator_pending_review|birdeye|birdeye_enriched_winrate,birdeye_gainers_losers
sNq1QyqaUzkNjvz2APfWPVmT8UBZ6aA13rNM27aTN5t,solana,46290.1,46443.86,-153.77,0.2621,372,263.07,provider_claimed|operator_pending_review|birdeye|birdeye_enriched_winrate,birdeye_gainers_losers
HgHFLLHMoiMXaTSSh8HcY2dKr1YAUsrbqHg4NZ65tGMx,solana,118343.62,46418.18,71925.44,0.1333,277,479.22,provider_claimed|operator_pending_review|birdeye|birdeye_enriched_winrate,birdeye_gainers_losers
HwkD6sDVUMDZt3g64MAwnymaTMziVzRoU9AvUVixGhSK,solana,46161.9,46241.09,-79.19,0.2546,816,106.24,provider_claimed|operator_pending_review|birdeye|birdeye_enriched_winrate,birdeye_gainers_losers
8DgVVtnNZQRKu4Cx6xeAMTukUHMTE3f2Cqb1wMzJ9beU,solana,36779.06,46104.39,-9325.33,0.6793,1718,286.37,provider_claimed|operator_pending_review|birdeye|birdeye_enriched_winrate,birdeye_gainers_losers
Fy68Q7Bk4cNMh7w1s3F8rrAd39fJnB7y73g6ZTbBVUPE,solana,54853.73,46038.83,8814.9,0.2687,510,956.9,provider_claimed|operator_pending_review|birdeye|birdeye_enriched_winrate,birdeye_gainers_losers
AAz8hgrU9AX87a4m7d38gSGShh2ZD7svSqrXfNWYSTbk,solana,125741.05,45770.96,79970.09,0.2,424,1681.06,provider_claimed|operator_pending_review|birdeye|birdeye_enriched_winrate,birdeye_gainers_losers
bwomEMQzkxVk5AF4qydyckDCuMEjaj95afietSMugYp,solana,45539.33,45717.68,-178.35,0.8633,942,266,provider_claimed|operator_pending_review|birdeye|birdeye_enriched_winrate,birdeye_gainers_losers
Q4J6vefnKFmg5gAxGwnhthk5sewKDpnC8YNLD7Lv9ng,solana,47093.44,45713.39,1380.06,0.7425,1493,141.75,provider_claimed|operator_pending_review|birdeye|birdeye_enriched_winrate,birdeye_gainers_losers
8rzwkPTVZuAomDLmpMJ2ECeFTB2ADqihSiXK96sQhw2n,solana,45652.59,45652.59,0,0,114,411.75,provider_claimed|operator_pending_review|birdeye|birdeye_enriched_winrate,birdeye_gainers_losers
AsmK47LUsrWaN2txy2Dpto6b7B5Da1vUdmR2nLJUGNio,solana,45455.65,45647.75,-192.09,0.2136,736,191.09,provider_claimed|operator_pending_review|birdeye|birdeye_enriched_winrate,birdeye_gainers_losers
9sCTLsLFfhvHpEwyftEYsvejn3CGKj8p8KvdXEn62mT5,solana,46508.25,45645.93,862.32,0.1111,191,601.11,provider_claimed|operator_pending_review|birdeye|birdeye_enriched_winrate,birdeye_gainers_losers
C9DCkXrUkUv5x2fWPQey2ME6UdHn7BmwcUAait87HM5M,solana,45610.61,45610.61,0,0.5556,106,596.41,provider_claimed|operator_pending_review|birdeye|birdeye_enriched_winrate,birdeye_gainers_losers
G3gZWqrYkNmYFKYCyfRCNtGuxdyuE2wiYKkZpiZn4WSS,solana,40440.89,45322.42,-4881.53,0.3291,571,440.36,provider_claimed|operator_pending_review|birdeye|birdeye_enriched_winrate,birdeye_gainers_losers
6VxZ8Hq1YNY7czzBiAXRGrtiCzUyEC7S2xv7CiLQyziu,solana,38948.47,45287.39,-6338.92,0.4902,1488,278.83,provider_claimed|operator_pending_review|birdeye|birdeye_enriched_winrate,birdeye_gainers_losers
8cAGrxiPU8dzPc7ZPX43bFTVtWvLHWJ5vSpZCkZe3PY1,solana,45258.48,45240.92,17.56,0.5038,735,142.74,provider_claimed|operator_pending_review|birdeye|birdeye_enriched_winrate,birdeye_gainers_losers
2Rd2Rm17UGzhJXnbEBrHyvhsghyDvuwCpNDioeNQWGGZ,solana,82363.12,45200.61,37162.51,0.2558,664,1469,provider_claimed|operator_pending_review|birdeye|birdeye_enriched_winrate,birdeye_gainers_losers
HmFGxmTswpmdAh1WVzjV67g3Sr7Wq2GnuPh2kqHvFChy,solana,47057.05,44985.93,2071.12,0,66,733.39,provider_claimed|operator_pending_review|birdeye|birdeye_enriched_winrate,birdeye_gainers_losers
UFXdLp2HKM1KTzc1JvmtNin5PGhkC38f1aLstfeFzVs,solana,-9904.13,44635.94,-54540.07,0,180,4431.88,provider_claimed|operator_pending_review|birdeye|birdeye_enriched_winrate,birdeye_gainers_losers
ALJ4P5QNyHeLEjpKGmA1eUfJHSEGQMjY8HLnDkSgjczb,solana,43822.85,44554.82,-731.97,0.5556,222,549.34,provider_claimed|operator_pending_review|birdeye|birdeye_enriched_winrate,birdeye_gainers_losers
6AaPH4QCEDTKaWSRq4PnzVrzLCkV2Y429NyANNeuZ2i9,solana,6455.96,44485.69,-38029.73,0.2,351,3389.54,provider_claimed|operator_pending_review|birdeye|birdeye_enriched_winrate,birdeye_gainers_losers
AQdBYZNy3BZ1vouGUjA1w9Ay7aq7kH5UQSuh4LQWKotY,solana,49325.04,44376.58,4948.46,0.3416,2991,92.55,provider_claimed|operator_pending_review|birdeye|birdeye_enriched_winrate,birdeye_gainers_losers
5LfBbbo6xHmYwbUTSvFbSsfZiwXiCT2CQYC39Toz8uGb,solana,44264.05,44296.01,-31.96,0,442,390.27,provider_claimed|operator_pending_review|birdeye|birdeye_enriched_winrate,birdeye_gainers_losers
69aiAKU3uJMxMLRkUEGFNt6nQ43PiVimE4ZbErJ7VSM1,solana,42607.89,44072.44,-1464.54,0.5976,1142,418.01,provider_claimed|operator_pending_review|birdeye|birdeye_enriched_winrate,birdeye_gainers_losers
6LKKueeSgdygJLJe7RgeGmEc7dBD8LLMTAxrF8SoVvdy,solana,43303.75,43831.04,-527.29,0.1967,232,218.56,provider_claimed|operator_pending_review|birdeye|birdeye_enriched_winrate,birdeye_gainers_losers
4rCw59EExkMoq8vaq2X2b6ADU1RTbxGDpntktrphDVZ2,solana,45781.75,43811.08,1970.67,0.1429,337,517.73,provider_claimed|operator_pending_review|birdeye|birdeye_enriched_winrate,birdeye_gainers_losers
7Dv2LpxmhA1j7c3z4e989eXLL5tuC2cVXoURsWqdUjYW,solana,32377.04,43785.36,-11408.32,0.6804,3677,92.37,provider_claimed|operator_pending_review|birdeye|birdeye_enriched_winrate,birdeye_gainers_losers
CwvYUDGo4x7TYonn9qLb1c9rnUu5k3s4FN5hT38rnbsq,solana,42400.9,43667.22,-1266.32,0.5416,3138,195.99,provider_claimed|operator_pending_review|birdeye|birdeye_enriched_winrate,birdeye_gainers_losers
DkRzdQ6kNqCu3LBdZEg4Ji3T2s2c7TN93vY4C2WFHuQD,solana,44339.89,43566.85,773.04,0.2143,442,280.24,provider_claimed|operator_pending_review|birdeye|birdeye_enriched_winrate,birdeye_gainers_losers
BeJ7D1rWf2WpUcqs5MaCzh85HFPgY6NESCPkcAzkLXDs,solana,43492.06,43492.06,0,0.5,50,31553.91,provider_claimed|operator_pending_review|birdeye|birdeye_enriched_winrate,birdeye_gainers_losers
8rRcHLBJHF783eZuGEVs375sRtcJLAjWkD8HMLcYHzX6,solana,43192.66,43343.55,-150.9,0.2637,321,267.8,provider_claimed|operator_pending_review|birdeye|birdeye_enriched_winrate,birdeye_gainers_losers
ATgvCrErnx6HH4Yqwneh9wYMRsCHAFV4o5RVXhqBQi3Y,solana,43117.81,43117.81,0,0.375,553,227.58,provider_claimed|operator_pending_review|birdeye|birdeye_enriched_winrate,birdeye_gainers_losers
7hqFct7maA9bgmavUUsP33WpEd5LkmiDo1qnvcjYtA3e,solana,43061.18,43044.19,16.99,0,58,995.36,provider_claimed|operator_pending_review|birdeye|birdeye_enriched_winrate,birdeye_gainers_losers
